First Level Heading,Second Level Heading,Third Level Heading,Definition
,1,101,"人口学1はヒトの人口の科学的研究をいい、主としてその大きさ、構造2そしてその成長発展を研究対象とする。それは人口の一般的属性の量的側面を取り扱うものである。統計学の用語で、ある種の特性を持った個の集団を人口3と呼び、それは母集団3と同義語である。人口学的用法では、人口4とはある特定の地域に居住する住民5すべてを意味するが、時にはその住民の一部、たとえば学齢人口（346-7参照）、結婚可能人口（514-2参照）を指すこともある。そのような集団は[*NoteTerm!!部分*]（[*NoteTerm!!下位*]）人口6と呼ばれる。人口とは特にその[*NoteTerm!!規模*]（大きさ7)、すなわち上記101-4で引用されたように、ある集団の総数7をしばしば意味する。
備考：人口学demography（名）；人口学的（人口の）demographic（形）；人口学者demographer（名）：人口学を専門とする学者。 人口population（名）。この用語はまた人口問題、人口分析、人口研究といったように”人口学的”の同義語として形容詞的に用いることがある。 住民inhabitant（名）；inhabit居住する（動）：ある定まった住宅に住むこと。"
,1,102,人口学の中のいくつかの分野は、その独特の目的あるいは方法論に即して特別の名称を持っている。すなわち歴史人口学1は、文字による記録が手に入る場合に限っての過去の人口を対象とする。そのような記録が欠落している場合の古代の人口研究の場合には先史（古）人口学2といった名称で呼んでいる。記述人口学3とは、人口統計4によって記述された人口の総数、地理的分布、構造と変化を取り扱う。他の諸事象との関係を抽象した形で人口現象間の数量的関係を論ずるものを理論人口学5あるいは純粋人口学5と呼ぶ。各種の数学的方法を用いるために、実際には数理人口学6と同じとみなされる。人口統計分析（103-1）の方法を現実の人口に適用する場合、それをしばしば人口統計学研究7と呼ぶ。上記に引用したすべての人口関連の学問は人口現象の数量的側面に重点を置いたが、特に人口の数と構造に対して適用する場合には時として形式人口学9と呼ばれる。それとは対照的に、人口現象と社会経済的現象との関係を研究する立場を、より広い意味で人口研究10と呼ぶ。
,1,103,"人口統計分析1とは形式人口学の一部門であり、人口現象2に対する人口の大きさと構造の及ぼす影響を統制して、他の変数の影響からそれぞれの人口学的変数の影響の程度を分離する研究である。と同時にそれは、人口変数間の関係と、それがいかに相互作用を行って人口構造を規定するかを研究する。ここで区別すべきは、時間に関して正確に特定されたコウホート（116-2参照）を取り扱うコウホート分析4あるいは世代分析4と、いくつかのコウホート間で厳密に一定の時間幅（たとえば暦年）で起こる人口事象に焦点を合わせる横断面分析5あるいは期間分析5である。
備考：コウホート分析は、同じ属性を持つ個の集団の縦断的分析longitudinal analysisである。パネル分析panel analysisとは、同じ個人にそれぞれ異なる局面で焦点を合わせ、その行動を追跡する研究方法である。"
,1,104,"人口現象と経済社会的現象との関連の研究は別の人口学の部門を構成し、経済人口学1、社会人口学2の名称が用いられることがある。同時に人口学は人口の質3を扱うことがあり、この用語は時として人口のすべての社会的・個人的属性を意味するものとして用いられることがある。それとは少し異なる用法として、人口の質とは集団遺伝学4の研究対象である遺伝形質（910-3）の分布と伝達を主に指すことがある。人類生態学5とは、人間間の競争的かつ協同的過程に着目して行う地域社会の分布と組織に関する研究分野をいい、それはすべての生物学的研究に統計的手法を応用する生物測定6あるいは生物測定学6と同じように、人口学と研究対象を部分的に共有する。
備考：集団遺伝学は、人間の遺伝可能な形質の移転に関する研究を行う人類遺伝学human geneticsとは異なる。集団遺伝学は植物、動物そして人間の人口における遺伝的特性の分布、伝達に関する研究を含む。 生態学ecology（名）；生態学的ecological（形）；生態学者ecologist（名）：生態学の専門家。 生物測定 biometry（名）；生物測定学 biometrics（名）；生物測定の biometric（形）；生物測定学者 biometrician（名）：生物測定の専門家。英語の生物統計学biostatistics、生物統計学的 biostatistical、生物統計学者 biostatisticianという術語はbiometrics, biometric,biometricianという一連の用語としばしば同義語的に用いられる。"
,1,105,最後に人口理論1の研究がある。この術語は理論人口学（102-5）と混同されてはならない。人口理論は人口変動と経済的、社会的、心理学的およびその他の要因における変化との相互連関を説明し、予測するものであり、もっぱら純粋に概念的な問題を取り扱う。人口理論は時に、人口変動に対して影響を及ぼすように意図された方策を扱う人口政策2（§930を参照）の基礎を提供する。
,1,110,"人口学で用いる基礎的統計単位1は、個人2あるいは人2である。ある集団の頭数2という用語が（たとえばperhead, head countという使い方で）同じように用いられたが、現在この用法はあまり使われていない。世帯3とは、一緒に居住する個人から成り立つ社会経済単位である。国際的な標準として勧告された定義によれば、世帯は住居（120-1）と主要な食事を共にしている人々の集まりをいう。過去には炉3という言葉が用いられたことがあり、世帯を同じ炉の火を共用した人々で構成される人々の集まりとしたこともある。世帯の分類は国によって、そして調査によって異なる。ほとんどの分類では一般世帯4と集合世帯5の二つのタイプに分けるのが普通である。1人だけで住んでいる世帯は単独世帯6として特計する場合が多い。下宿人7は住み込みのお手伝いさんとは異なるが、世帯の他の成員とは血縁姻戚関係を持たず、食事を世帯員と平常共にする人々である。一方、間借り人8は下宿人によく似ているが、食事は平常別にする人達である。この二つのグループは、統計目的によって世帯員に含める場合とそうでない場合がある。
備考：一般世帯の中でその成員がお互いに血縁・姻戚関係にある場合を親族世帯 family householdと呼ぶ。 集合世帯はそれぞれの目的に沿った施設世帯 institutional households、すなわち病院、刑務所等に住む人達からなる世帯を含む。さらにその他の集合居住住宅（120-1*）（たとえば寮・寄宿舎、社会施設、自衛隊舎等）に住むお互い血縁・姻戚関係にない人々も含む。ただ、最近の国際的に勧告された定義によれば、世帯および世帯人口 household populationといえば一般世帯に限定され、さもなくば施設等の世帯の成員 persons not living in householdの意味で用いる。"
,1,111,"一般世帯（110-4）は、世帯員1と呼ばれる若干名の人々から構成される。世帯員の中の1人が世帯主2である。国際的にみて、世帯の中で世帯主が誰であるべきかについて一致して承認された定義はない。いくつかの国では、それは世帯の中の主要な稼得者3であるとしている。ほとんどのセンサスの質問票では、世帯員の世帯主に対する続柄4を尋ねている。これによって、二つ以上の生物学的家族または核家族（113-1）の成員から成る合成世帯5、あるいは複合世帯5の中のグループを区別できる。合成世帯あるいは複合世帯はいくつかの核6からなる。すなわち第一次核7と第二次核8である。これらの核は一般に家族（112-1）と呼ばれる。世帯規模11とは、世帯に含まれる世帯員の数を指す。
備考：世帯代表者 householderという言葉がしばしば“世帯主”の同義語として用いられることがある。世帯主 headshipという言葉は、世帯主率 headship rateという形で用いられることが多いが、これは性（男女）・年齢別世帯主数をそれに相当するカテゴリーの人口数で割った商である。 家族核は夫婦家族単位 conjugal family unitとも呼ばれる。"
,1,112,"家族1（§113と§115を参照）は世帯（110-3）から注意して区別しなければならない別の単位である。それは主として結婚、出産、あるいは養子縁組によって関係づけられたものをいい、法律や習慣によって規定されるものである。基本的な家族関係は、一つは結婚による夫婦関係であり、もう一つは両親2つまり父親3、母親4と、彼等の子供5、つまり息子6そして娘7との関係である。
備考：親 parent（名）；親のparental（形）；親であること、または親になること parenthood（名）。 父親 father（名）；父親のpaternal（形）。 母親mother（名）；母親のmaternal（形）。 息子son（名）；息子のfilial（形）。 娘daughter（名）；娘のfilial（形）。"
,1,113,"両親と子供達だけが構成する家族は時として生物学的家族1または核家族1と呼ばれる。兄弟2、姉妹3について男女の区別がない場合は、きょうだい4と呼ばれる。片方の親とだけのきょうだい関係を異父母兄弟5、異父母姉妹6と呼ぶ。拡大家族7とは核家族よりも大きく、一般的にいくつかの核家族から構成されているものである。
備考：単純家族simple familyあるいは基本家族elementary familyとは、しばしば上記の生物学的家族あるいは核家族と同義語である。厳密にいえば、それは生物学的家族で、両親と子供だけの家族を指し、養子は含まない。 複合家族composite familyあるいは結合家族joint familyとは、しばしば拡大家族と同義語として用いられる。多くの場合、拡大家族とは親族のすべての成員を指すのが普通である。"
,1,114,"血統1を通じて同じ祖先2を共有する人々を血族3あるいは遺伝学的親族3という。親族3そして集団的意味での血族関係集団3という表現も行われている。親等4とは、一般に各々共通の祖先までの世代数を合計して算出する親族関係の親疎の程度を測る単位であるが、しかしほかにも測り方については多くの方法がある。これらの続柄の関係の中で、基本的関係は子から親への関係5（112-6*と112-7*を参照）であり、これは親から子への関係6（112-2*参照）の対比語である。別の言葉でいえば、両親、そして父あるいは母の子7あるいは子孫7に対する関係である。血縁関係は姻戚関係8、すなわち結婚によって相手の配偶者の属している別の親族との間に生じる新しい関係とは区別する必要がある。[*NoteTerm!!親族*]kin（名、形）；[*NoteTerm!!親族関係*]kinship（名）：親族であること。
備考：血統descent（名）；子孫descendant（名）：血統によって結びつけられた人達。 祖先ancestor（名）；祖先のancestral（形）。 親戚relative（名）；親戚のrelated（形）；親戚の関係relationship（名）：親戚関係にある状態。親戚relativeという用語は、血縁か結婚によって関係が生じる人々に対して用いる。 子孫progeny（名）：これは共通の祖先から由来したすべての後裔をいう。 あるいくつかの国では、結婚によって生じた姻戚関係にある人々は義理の関係in-lawsにあるという。"
,1,115,"家族1（112-1参照）とは、世帯（110-3）のすべて、あるいはその一部を指す人口研究上重要な用語であるが、その定義は使用目的によって少しずつ異なっている。統計的家族1あるいはセンサス家族1は、一般的に血縁、養子縁組あるいは結婚によって関係づけられた世帯のすべての成員を含む。しかし、世帯は家族を含むこともあるが、含まないこともある。統計的家族は二つ以上の世帯を含まないが、世帯は二つ以上の家族を含むことがある。いくつかの国では、統計的家族は生物学的家族（113-1）とほぼ同じ意味であるが、ほかの国ではその定義は家族核2を意味し、それは子供を持たない夫婦、あるいは未婚の子供を持つ夫婦、さらに片親と未婚の子供を持つ家族を指す。これらはセンサス家族自体か、あるいはそのような家族の中心部分を形成する。
備考：米国では、下位家族sub-familyとは、子供のあるなしにかかわらず結婚している夫婦、あるいは片親とその18歳未満の未婚の子供からなる家族であって、しかも、その家の世帯主あるいはその妻に対し親戚関係を持つが、彼等自身は世帯主ではない場合の家族をいう。イギリスでは、第一次家族単位primary family unitとは、両親とその子供達、さらに両親の兄弟姉妹、あるいは両親よりも古い世代から成り立つ。欠損家族broken familyとは両親のうち1人を死亡、離婚あるいは失踪で失った家族のことである。"
,1,116,"人口学の文献によれば、世代1という用語は厳密な意味で使われ、一般には暦年で測られたある特定の期間に生まれた人達を指す。コウホート2（訳注）とは、特定の期間に出生とか結婚のようなある特定の人口上の出来事を経験した人々のグループをいう。たとえば、出生コウホートは、前述116-1の意味で世代と同意語になるし、結婚コウホートとは、ある特定の期間中に結婚した人々のグループをいう。人口学においては、系譜学と同様に、世代3とは、前述の116-1の概念で使われた先行世代からみて彼等の子孫を意味することもある。すなわち、移民の子供達はしばしば二世と呼ばれる。男女のいずれかに限ってその子孫の血統を問題とする場合がある。たとえば男系4、あるいは父系4といい、男系の息子、あるいは父方の息子という使い方をする。女系5あるいは母系5の場合は、女系の娘あるいは母系の娘というように用いる。このような男系、女系の区別は普通世代の長さあるいは隣接した平均世代間隔を計算する際に用いられる。（713-1参照）。ある年に軍隊に徴兵された男性の場合、彼等は何[*NoteTerm!!年期生*]classと呼ばれるが、米国では、それはある特定年に学校を卒業したグループを指して用いられる。 （訳注）この用語は、ほかにコーホート、コホートと表記されることがある。
備考：コウホートcohort（名）。コウホート分析cohort analysisとは、一生あるいは特定の期間を通じて、それぞれ異なったコウホート経験を追跡し分析する方法である。"
,1,120,"住居1、居住単位1あるいは居住のための住宅1は、世帯(110-3)が居住するにふさわしい住宅の状態を統計的に示す概念である。住宅の規模は部屋2の数あるいは床面積3によって表される。密集の程度4は住宅の規模と居住する人の数によって決まる。密集の基準は過密住宅5と一部未使用住宅6の二つを分けるために用いられる。空き家7とは、恒久的あるいは一時的に誰も住んでいない住宅である。
備考：住宅は、個人住宅private houseまたはその一部、あるいは一棟のアパートblock of flatsあるいは共同住宅tenement houseの一部を形成するフラットflatあるいはアパートapartmentから成る。米国の用法によると、一世帯住宅one-household structureと多世帯住宅multiple household structureとの間を区別しており、世帯員でないすべての人々は、集団居住住宅group quartersに住むものと認められる。建物の階数別住居の統計が時として公表されている。ヨーロッパでは地上の道路と同じレベルの階は1階first floorと呼ばずに地階ground floorというが、米国では日本と同じようにそれを1階と呼ぶ。 台所kitchenが部屋数の中に入るかどうかについての一般的規則はない。 過密のovercrowded（形）；過密overcrowding（名）。"
,1,121,"居住単位の専住者は家の所有者1か、家を借りている借家人2である。その家の所有者は家主1とも呼ばれる。又借り人3とは、借家人からさらに住居を借りている人のことである。一方、何らの居住権利がなくて住む人を不法居住者4と呼ぶ。
備考：借家を又借り人に貸している人を主要借家人principal tenantと呼ぶ。住居あるいはアパートは、家具付きあるいは家具なしで貸与されることがあるが、前者を家具付き住宅furnished dwelling、後者を家具なし住宅unfurnished dwelling、と呼ぶこともある。"
,1,130,"人口統計1は人口に関する数値データ2のことで、観測値3に基づくものである。適切な調査用紙（206-1）によって観測値が収集された4後、明らかな不整合性を除くため、これらの資料は編集され5、点検される5。データは共通の特性を持った特定の集団（グループ）7、あるいは階級8ごとに製表される6。データ処理9は収集から分析（132-1）に至るすべての段階を含む。[*NoteTerm!!点検する*]verify（動）；[*NoteTerm!!点検*]verification（名）。
備考：統計statistics（名）；統計的なstatistical（形）；統計学者（統計家）statistician（名）：統計の専門家。 収集するcollect（動）；収集collection（名）。 編集するedit（動）；編集editing（名）。 製表するtabulate（動）；製表tabulation（名）。 処理するprocess（動）；処理processing（名）。"
,1,131,"処理と製表をする前のデータは通常、生データ1ないし未加工データ1と呼ばれ、処理と製表をした後のデータは基礎データ1ないし第一次データ1と呼ばれる。基礎データは通常、統計表4の形でまとめられた絶対値3の系列2からなる。このような表のデータは通常、年齢や子供数といった特定の変数5ないし変量5に関して分類されたり、特定の属性6ないし特性6（すなわち性、配偶関係等）に関して分類されたりする。データがいくつかの変数ないし属性に関して同時に分類されるような表は、クロス集計表7ないし関連表（分割表）7と呼ばれる。要約表8は個別表9ほど詳細でない情報をもたらす。
備考：データが分析単位としての個人（110-2）に関するものである場合、それはミクロ・データmicro-dataと呼ばれる。集計データaggregate dataないしマクロ・データmacro-dataは、たとえば国家や一国内の行政単位といった個人以外の分析単位に関するものである。ミクロ・データは実地調査（203-5）や人口動態登録簿の標本から得られる。ミクロ・データの新たな利用源としてセンサス公共利用標本census public use sampleがあるが、これは関心をもつユーザーの分析目的のために供せられるセンサスの個票から、系統抽出ないし無作為抽出した標本である。 母集団内における単一の変数ないし属性の分布を示す表は、一般的に度数表frequency tableと呼ばれる。"
,1,132,"基礎データの利用には一般的に二つの局面がある。分析1は観測値の構成要素（規模、構造、外的要因、研究対象の現象）を分離することを目的とする。総合2は様々な方法で分離された構成要素を再結合する過程である。いずれの局面にも様々な名称で呼ばれる指標4の算定3ないし計算3がある（§133参照）。基礎データとは対照的に、これらの指標は算定結果6と呼ばれる。より限定された意味での指標7ないし指数7は、基準値8に対する特定の数量の値を示す比であるが、基準値は通常100と置かれる。いくつかの指標は複雑な状態を示す良い尺度9であり得る。たとえば、乳児死亡率は人口の保健衛生状態の尺度として用いられることがある。[*NoteTerm!!計算する*]compute（動）；[*NoteTerm!!計算*]computation（名）；コンピューター[*NoteTerm!!（電算機）*]computer（名）：大規模なデータ・セットの転送、保管、演算を遂行するように作られた機械システムで、算術的、統計的演算のほかにデータの論理的処理も可能にする。かつてcalculatorとcomputerという言葉は計算に従事する人を指すために用いられた。
備考：分析analysis（名）；分析的なanalytical（形）；分析するanalyze（動）。 算定するcalculate（動）；算定calculation（名）；計算機calculator（名）：少量の算術的、統計的演算を容易にするために作られた最小限ないし少量のデータの記憶能力を備えた機械。"
,1,133,"分析（132-1）の第一段階は、人口総数ないし事象数を他の総数ないし数値に関係付けることから始まる。結果としての指標には様々な名称が与えられている。もっとも一般的なものは比（比率）1で、一つの数値を他の数値で除して得られた商である。構成比2は一部分の全体に対する大きさの関係を示す比率である。百分率3は100当たりで表示された構成比である。率4は特定の期間、通常は1年間における特定の人口ないし部分人口における特定の事象の相対度数5を指す特別な種類の比である。以上のような用語法が推奨されるが、率という用語は着実に意味を広げており、比率の同義語として不正確に用いられることがしばしばある（たとえば、労働力率であるが、これは実際のところ構成比である）。
備考：構成比proportion（名）；構成比のproportional（形）。 率は一般的に1000人当たりで表示され、追加的な限定なしに“率”という用語が用いられる場合には一般的に“1000人当たり”と解される。しかし、一部の率は1万人当たり、10万人当たり、100万人当たりで表示される。たとえば、死因別死亡率（421-10）がそうである。一方、1人当たりないし100人当たりで表示される率もある。“率”という言葉は省略されることがあるため、“1000人当たり10の死亡”といった表現が行われることもあるが、これは勧められない。"
,1,134,"反復不能な事象の相対度数（133-5）はそのような事象の確率1の経験的尺度とみなされることが多い。このことは、分母に現れる全個人が何らかの形で危険（リスク）にさらされた3ことを前提とする。すなわち当該事象が彼らに生起する機会2ないし危険（リスク）2がなければならない。英語の場合の“リスク”という用語は、当該事象が望まれないものであるということを決して意味するものではない。そのため、“結婚のリスク”という用語が使われる。人口を異なる下位集団に区別することが多いが、そこでは当該事象が生起するリスクの個人差は、人口全体における差異ほど大きくはない。リスクに関していえば、相対的に異質的な5全体人口よりも部分人口の方が同質的4である。全体人口に関する粗率（普通率）（136-8）に対して、このような部分人口について算定される率は特殊率6と呼ばれる。 総率7は総出生率（633-8）の場合のように年齢制限を伴うことがある。
備考：確率probability（名）；蓋然的なprobable（形）。 同質的なhomogeneous（形）；同質性homogeneity（名）。 異質的なheterogeneous（形）；異質性heterogeneity（名）。"
,1,135,"年齢別特殊率1は年齢各歳ないし年齢階級について算定される。持続期間別特殊率3は、結婚や過去の出生といった人生の出発点的事象4ないし事象起点4から経過した時間を考慮に入れる。中央率10は、1年間あるいはそれ以上の期間（しばしば5年間）における事象数を平均人口6あるいは年央人口6で除したり、当該年ないし当該期間において当該事象が生起するリスクにさらされた人年7で除することによって求められる。人年は1年間ないし1期間にわたって観察された集団の全個人がリスクにさらされた時間の合計を年数によって表示したものである。“率”という用語は、以上とは違った計算方法に用いられることがあり、1年ないし1期間における反復不能事象の数を、ある年あるいはある期間の期首における対象コウホートの規模で除す場合がそれである。この指標は減損確率5、ないしはより単純に確率5と呼ばれることがあり、すでに定義された中央率と対比される。この文節では“期間”という用語は時間の長さを意味してきた。しかし、期間率8という表現にあるように、期間という用語は特定の時間の意味において用いられ、特定の暦年ないし期間のことを指す。これはコウホート率9ないし世代率9と対比される。
備考：フランス語でこういう場合に用いられる率、指数quotientという用語が、時に英語で用いられることがある。"
,1,136,不完全な観察、あるいは統制の不十分な観察に基づくデータは暫定的1と呼ばれる。このようなデータは、観察が完全になった段階で確定的2データによって置き換えられる。これらのデータに基づく率はそれぞれ暫定率3と確定率4と呼ばれる。すでに数値が公表された後に新しい情報が利用可能になった場合、改訂率5が発表されることがある。補正率6という表現は通常、欠陥データないし不適当な手法によって誤解を与えるような算定結果や、当座の目的のためだけの限られた価値しかないような算定結果が生じ、これらを補正するための努力が行われたことを意味する。たとえば、調査漏れについての補正、人口移動についての補正、季節変動についての補正といったことが行われたことを意味する。標準化率7ないし調整率7（訳注1）は、一つの変数、たとえば年齢が一定に保たれた場合にもう一つの変数、たとえば出生率や死亡率について異なる人口集団の比較を可能にするように計算されるものである。補正率7という用語は一部の人口学者によって標準化率の同義語として使われている。標準化されない率は粗率（普通率）8（訳注2）と呼ばれる。これは実際の趨勢（トレンド）を測定するために用いられることもあるが、異なる構造（144-4）をもつ人口集団を比較する場合に無批判に用いられると、誤った推論が導かれる可能性がある。（訳注1）わが国では特に死亡率について、訂正率という言葉が標準化率という言葉とともに用いられてきたが、最近、厚生省大臣官房統計情報部は訂正死亡率という言葉の代わりに調整死亡率という言葉を使うようになった。 （訳注2）わが国では人口指標として粗率よりも普通率（たとえば普通出生率）という言葉が用いられることが多かったが、普通率という言葉は往々にして誤解を招きやすいことがあるため、本辞典では粗率という用語を第一義的訳語として用いる。
,1,137,人口指標（132-7）はほとんどの場合、特定の観察期間1に関するものである。このことは特に大部分の率（133-4参照）について当てはまる。年率2は12ヶ月の期間に関するものである。観測値が複数年次について収集されて平均される場合、その算定結果に平均年率3という用語が用いられることが多い。1年間以外の期間について率が算定される場合には、適当な数値を乗ずることによって年単位に換算される4ことがある。瞬間率5が算定されることもあるが、これらは無限小の期間に関するものである。たとえば、瞬間死亡率（431-4）や瞬間増加率（702-5）がある。
,1,138,"コウホート分析（103-4）の第一の目的は、人口現象の発生頻度1とテンポ2ないしタイミング2の研究である。一つの反復不能事象（201-4）から始まったある現象の発生頻度は、その事象の最終頻度3あるいはその補数によって測定される。最終頻度は、外的影響がないとした場合に、該当するコウホート（116-2）の存続中にその事象を経験したであろう人々の構成比を表す。出生や人口移動といった反復可能事象（201-5）の発生頻度は、同じく外的影響がないとした場合に、コウホート一人当たりの平均事象数4によって測定することができる。テンポないしタイミングは、研究対象としての人口事象の、時間の経過に伴うコウホート内の分布と定義できる。横断面分析ないし期間分析（103-5）の結果は種々の方法で測定される期間指標5によって要約的に表現されるが、これはコウホート指標6と対比される。普通に用いられる技法としては、それぞれ異なる年齢や持続期間について観測された人口現象の発生率を仮設コウホート7ないし合成コウホート7とみなすものである。
備考：この最終頻度あるいはその補数は、研究対象に応じてさまざまな名称がつけられてきた。パリティ拡大率（637-7）、生涯未婚率（521-1）等である。こういう場合に構成比という用語は用いず、観察された横断面的構成比のために残しておくことが望ましい。たとえば、生涯未婚率は、センサスで記録される所与の年齢における未婚者割合とは区別されねばならない。 観察された一人当たりの平均事象数と、コウホート内で死亡のような外的影響がない場合に観察される同種の事象の平均的数値に、同じ名称をつけるのは珍しいことではない。しかし本当は別の言葉が用いられるべきであって、たとえば、既往出生児数（637-2）は累積出生率（636-2）と区別するべきである。 横断面分析と仮設コウホート分析は本来の意味のコウホート分析研究以前に行われていたので、期間指標という名称がコウホートに関するものであると考えられている節がある。期間とコウホートの概念の混用は明らかな矛盾を招くことがある。たとえば、多数の遅延されていた出生が後になって生み戻された場合には、パリティ別出生確率が計算上数年間にわたって1を越えることもあり得る。"
,1,140,"人口学でもっとも頻繁に用いられる平均1は算術平均2であって、一連の指標に関する数量の合計をその生起回数で割った商から成っている。平均という言葉が何かの限定を付けずに用いられる場合は通常、算術平均を意味する。幾何平均3は、全観測値が正の場合に用いられることがある。これはN個の数値の積のN乗根である。加重平均4は個々の数量にそれぞれ違った特定の重み5を乗ずることにより求められる。中央値（中位数、メディアン）6は一組7の観測データを大きさの順に並べた時にちょうど中央に位置するデータの値である。最頻値（モード）8は一連の観測値の中で最も普通でありよく用いられる値である。[*NoteTerm!!平均*]mean（名）：形容詞としても用いることができる。（訳注）日本語の場合、名詞としては中央値、形容詞的用法としては中位数という言葉が用いられる傾向がある。たとえば、年齢中央値と中位数年齢は同じものを指す。
備考：平均average（名）：形容詞としても用いることができる。 重みweight（名）：加重する（重みづけする）weigh（動）。 中央値（中位数、メディアン）median（名）（訳注）：形容詞としても用いることができる。 最頻値（モード）mode（名）；最頻値のmodal（形）。"
,1,141,"一組の観測値の散らばり1、散布1、変動1、ばらつき1はその要素間の差異2ないし偏差2によって定まる。ここでは、もっとも普通の散布度3のみが論じられる。範囲（レンジ）4は一組の要素の最大値と最小値の差である。四分位範囲5は第一と第三の四分位数（142-2）の差で、一組の観測数の半分を占める。四分位偏差6とも呼ばれる半四分位範囲6は四分位範囲の半分であるが、しばしば散布度として扱われている。平均偏差7は平均からの個別項目の偏差の正数を算術平均（140-2）したものであり、分散8はこれらの偏差の2乗の算術平均であり、標準偏差9は分散の平方根である。
備考：標準偏差は通常、σと表記される。"
,1,142,一連の観測値が下から上に向っての順に並べられた場合、自らよりも下位の割合の観測値を持つ数値は、分位点1ないし順位別統計量1と呼ばれる。中央値（140-6）は前述の通りである。その他の重要な順位別統計量としては四分位数2、十分位数3、百分位数4があり、それらは観測値をそれぞれ四等分、十等分、百等分したものである。
,1,143,"ある変数が所与の間隔でいかなる二点間でも無数の値をとり得る場合、その変数はその間隔において連続的1であるという。逆の場合、それは非連続的2であるといわれる。ある変数がいくつかの孤立した数値しかとれない場合、それは離散的3であるといわれる。
備考：連続的なcontinuous（形）；連続性continuity（名）。 非連続的なdiscontinuous（形）；非連続性discontinuity（名）。"
,1,144,"母集団の成員を特定の属性あるいは変数による種々のカテゴリーないし階級に並べることによって度数分布1が生じるが、これは分布1と省略されることが多い。個別の集団ないし各欄における数値、すなわち絶対度数2ないし階級度数2の全集団における総数に対する比率は、その集団における相対度数3と呼ばれる。人口学では構造4と構成4という用語が年齢、性（男女）、配偶関係、職業等の特性の分布を記述するために互換的に用いられることが多い。構造はより限定された意味で、年齢と男女のみによる人口の分布を記述するために用いられることがある。（訳注）age and sex compositionのsexをどう訳すかについては、これまで人口静態統計関係では、年齢別、男女別あるいは男女年齢別構成とし、人口動態統計関係では性・年齢別構成として用いて来たが、本辞典では性・年齢別構成を第一義的訳語としている。
備考：人口分布という用語は通常、その空間的分布のことをいう。しかし、分析対象の特性ないし属性の名称とともに用いられる場合には、分布という言葉は構造ないし構成の同義語である。したがって、年齢別分布、性（男女）・年齢別構成（訳注）、性（男女）・年齢別構造といわれることがある。"
,1,150,"時間の経過に伴うある人口変数の動向が考察の対象となる場合、人口学的な時系列1が得られる。一つの時系列を趨勢（トレンド）2とその回りにある変動3ないし偏差3（141-2）に分解できる場合がある。特定の期間、通常は数年後にそのような変動が繰り返される傾向にある場合、それらは循環変動4、あるいはより一般的に周期的変動4と呼ばれる。人口学においてデータを作成する場合にもっとも一般的な期間は1年間であり、1年の部分期間における変動は季節変動5と呼ばれる。趨勢、循環変動、季節変動が除去された後に残る変動は不規則変動6と呼ばれる。これは戦時動員といった例外的な要因による場合もあるし、偶然変動7ないし無作為変動7である場合もある。[*NoteTerm!!循環的な*]cyclical（形）：[*NoteTerm!!循環*]cycle（名）。
備考：一般的な意味で変動variationという用語は、ある変数の数値ないし数値群における変化を記述するために用いられる。 周期的なperiodic（形）；周期period（名）；周期性periodicity（名）。 無作為なrandom（形）：偶然の影響下にある（161-1参照）。"
,1,151,"ある系列の数値を、より大きな規則性を示す他の系列によって置き換えることが望ましい場合がある。この過程は補整1として知られ、一般的には、時系列やあるいは申告年齢別人口分布のような別種類の系列で観察された複数の数値の間に、滑らかな曲線を当てはめることによって行われる。フリーハンドの曲線が描かれた場合、グラフ補整2と呼ばれ、分析的な数学的方法が用いられた場合、曲線の当てはめ3と呼ばれる。最小二乗法4によって数学的曲線がデータに当てはめられることがあるが、それは元の系列と平滑化された系列の間の差異を最小化するような方法である。他の方法としては、移動平均5や有限差異の微積分6を使用するものがある。これらの手法の一部は内挿（補間）7、すなわち所与の数値の間にある数値を推定するために用いられたり、外挿（補外）8、すなわち所与の範囲の外側にある数値を推定するために用いられたりする。[*NoteTerm!!平滑化*]smoothing（名）；[*NoteTerm!!平滑化する*]smooth（動）；[*NoteTerm!!平滑化された*]smoothed（形）。
備考：補整graduation（名）；補整するgraduate（動）；補整されたgraduated（形）。 内挿（補間）interpolation（名）；内挿（補間）するinterpolate（動）；内挿（補間）されたinterpolated（形）。 外挿（補外）extrapolation（名）；外挿（補外）するextrapolate（動）；外挿（補外）されたextrapolated（形）。"
,1,152,人々が丸めた数1で回答する傾向を補正するため、分布を平滑化する必要があることが多い。集積2ないし末尾数字選好2は年齢別分布で特に頻繁にみられ、人々が自分の年齢を0、5ないしその他の選好された数字で終わる数で申告する傾向を反映している。年齢集積3は年齢選好指標4によって測定されることがある。年齢データは、他の形態の年齢過誤申告5ないし年齢申告の偏り5について補正しなければならない場合が多い。
,1,153,人口学的関数の数値は一般的な生命表（432-1）、出生力表（§634参照）、初婚表（522-1）といった表1の形で示される。通常、限定された期間に収集された観測値に基づく暦年表2あるいは期間表2と、コウホートの一生を通じた経験を扱うコウホート表3あるいは世代表3が区別される。複数要因減少表4は、初婚と死亡の未婚人口に対する効果のような、数個の反復不能事象の同時的効果を示す。もっとも多く用いられるのが二要因減少表4である。
,1,154,所与の変数の値を確定するためのデータが不十分な場合、その値を推定（推計）する1のための試みがなされることがある。この過程は推定2と呼ばれ、得られた値は推定値（推計値）3と呼ばれる。データが事実上存在しない場合、当該変数の大きさの位数5を定めるために推量4が行われることがある。
,1,155,研究結果の発表において論点を図解するために、グラフ表示1ないし図示1の手法を用いることがある。データは図2、グラフ2、統計図表2、または地図3によって示される。変数間の関係の図式的表示は、たとえばレキシスの図式（レキシス・ダイアグラム）（437参照）のように、図式（ダイアグラム）4と呼ばれることが多い。一方の座標軸が対数的に、他方が等間隔に目盛られたグラフは片対数グラフ5と呼ばれるが、そのようなグラフは対数グラフ5と不正確ないい方で呼ばれることが多い。真の対数グラフ6は両方の軸が対数的に目盛られたもので、両対数グラフ6と呼ばれることもある。度数分布のグラフ表示には、階級度数を表示する点を直線で繋ぐことによって得られる度数多角形7、階級間隔を底辺とする長方形の面積によって階級度数が表示される柱状図（ヒストグラム）8、階級度数が棒の長さに比例する棒グラフ9、累積度数分布を表す累積度数分布図（オージャイブ）10などがある。
,1,160,標本抽出手続き1は、すべての個人（110-2）を調査しなくてもすむように、母集団に関する情報をその一部分だけから得るために用いられる。調査対象となった母集団の一部分は標本（サンプル）2と呼ばれる。母集団は調査対象である要素3の集合体である。抽出単位4は母集団の一要素でも要素の集合でもありうるが、標本を選択するために用いられる。人口学的標本において、要素は個人（110-2）、家族（115-1）、世帯（110-3）であることが多く、抽出単位は個人、世帯、住宅ブロック、行政単位、地域のいずれでもかまわない。標本は標本設計5に従って選択された多数の抽出単位からなる。
,1,161,"要素が偶然的過程によって選択された標本は、無作為標本1ないし確率標本1と呼ばれる。標本抽出単位の完全なリストが利用可能な場合、これは抽出枠3と呼ばれる。単純無作為抽出4では、ある割合の抽出単位が抽出枠から無作為に2選択される。この割合は抽出率5と呼ばれる。系統抽出標本6は抽出単位が連続的に番号を付けられている枠から系統的に抽出される7。標本はｎ番目、（ｎ＋ｓ）番目、（ｎ＋2ｓ）番目、・・・といった単位をとることによって選択される。この場合ｎはｓより大きくなく、無作為に選択される。集落抽出法8では、母集団の要素が個別に抽出されるのではなく、集落9と呼ばれる集団単位で抽出される。
備考：無作為なrandom（形）；無作為randomness（名）；無作為化するrandomize（動）。"
,1,162,"層別（化）無作為抽出法1では、調査対象の特性に関して母集団全体よりもある意味で同質的（134-4）ないくつかの層2に母集団が分割され、各層から単純無作為標本（161-4）が抽出される。異なる層において異なる抽出率（161-5）を用いることができる。多段抽出法3は標本の選択がいくつかの段階で行われるような方法である。第一次単位4の標本がまず選択され、次にこれらの単位のそれぞれが母集団（101-3）とみなされて、そこから第二次単位6の第二次標本5が選択され、さらにこの過程が繰り返されることがある。良い標本抽出枠がない場合には地図上で区切られた地域の標本が選択されるが、この手続きは地域抽出法7と呼ばれる。
備考：層化するstratify（動）：層に分割する；層化stratification（名）。"
,1,163,確率標本抽出（161-1）では無作為的変動は別として、代表標本1、すなわち調査対象の母集団のすべての特性を忠実に反映する標本を得るために、確率論的方法が用いられる。一方、割当抽出法2では、一部の特性に関して母集団を代表するように標本が意図的に選択され、各面接調査員（204-2）には調査の標本に異なる種類の抽出単位が含まれるように割当3が行われる。面接調査員は割当の範囲内で抽出単位を自由に選択できる。
,1,164,母集団母数（パラメーター）1は母集団を特徴づける数値である。統計的推定2とはそのような母数を標本から推定する手続をいう。このような推定値は標本誤差3の影響を受け、標本誤差の大きさの程度は一般的に標準誤差4によって与えられる。時に信頼区間5という用語が用いられ、あらかじめ定められた確率の下で推定値がその中に落ちると期待される範囲を示す。二つの数値の差が偶然によって生ずる確率が、有意水準7と呼ばれる所与の数値より小さい場合、その差は有意差6と呼ばれる。たとえば、偶然によって生じる確率が0.05未満の場合、その差は5%水準で有意であるという。標本誤差に加えて、観測誤差8あるいは回答誤差8も推定値に影響を与える。これらの誤差には通常、面接誤差9が含まれるが、それは基礎データが収集される際に面接調査員によってもたらされる系統的誤差である。
,2,201,"人口静態統計1は、人口変動の統計2とは一般に区別される。人口静態統計は対象の静的な視点を扱い、特定時点における人口の瞬間的な状況を示す。用いられる統計単位（110-1）は一般に世帯（110-3）、個人（110-2）などである。人口変動の統計は、人口に影響を与える変化の連続的な過程を問題とするもので、主として出生、結婚、死亡のような人口動態事象3、および人口移動（801-3）を取り扱う。反復不能事象4（たとえば死亡）は、妊娠、出生、および人口移動の流入・流出のような反復可能事象5とは区別されるのが普通である。反復可能事象においては、同一人について発生した従前の同一属性に関する事象の数に基づいて、順位6が定められる。人口変動の統計は、時には人口ダイナミックス7と呼ばれる人口過程7の研究にとっての主要なデータ源である。センサス（202参照）は、人口の状況8に関する主要な情報源である。人口動態統計（212-1）は、人口増加（成長）9（701参照）の研究にとって第一義的なデータ源である。人口動態統計は、時に自然増加10のみを取り扱うことがある。すなわち、それは当該人口と他の人口との間の移動を考慮しないが、しかし理論的にいえば、人口移動統計（812-1参照）は人口変動統計の一部であることに間違いない。
備考：人口移動population movementという用語は、人口の地理的移動に関連して用いられる。"
,2,202,"人口センサス1（訳注）は、特定時点における人口の状況（201-8）に関する情報を得るために行われる。大抵の場合は特定の国のすべての住民が同時に数えられるが、その場合、そのセンサスは全国センサス2と呼ばれる。しかし、時には人口の一部分、たとえば特定の地域の住民だけが数えられることもあり、その場合には、部分センサス3と呼ばれる。しかしながら、“センサス”という用語は元来、当該人口のすべての構成員を調査する試みがなされ、その人口の完全包括的調査4が行われることを意味している。マイクロ・センサス5は通常、規模の大きい標本の人口に限定され、標本抽出調査6の範疇に属する。時には、センサスや調査に先立って、事前調査7や試験調査7が行われる。事後調査9は、センサス実施後、調査の正確性や完全性を検証するために行われる。 ンサス間の期間intercensal periodとは、連続する2つのセンサスの間 に経過した時間である。現代のセンサスは、かつて[*NoteTerm!!頭数調べ*]head countsと呼ばれていたものに対応している。[*NoteTerm!!人口調べ*]population countsは、たとえば多年にわたって登録された洗礼（214-2）の数や、炉（110-3）の数あるいは教区（214-1）の数に基づく不正確な推計方法によるものも含んでいた。（訳注）日本では、センサスは「国勢調査」と呼ばれている。
備考：センサスcensus（名）；センサスのcensal（形）。セ"
,2,203,"実査1とは、人口の総数を明らかにすることを意図した作業のすべてを指す。それは、一般的に作成される一覧表3の中での単なる数え上げ2とは異なる。他方、質問調査4または調査4は一般に、特定の項目（たとえば労働力）に関する情報を提供することを意図し、限定された目的で行われる作業をいう。実地調査5は、その情報が個人面接6によって得られるものをいう。郵送調査7は、調査票（206-3）を郵便によって送付し、記入された調査票を返送するよう依頼する形で行われる。遡及的調査8は、過去の人口学的事象に焦点を当てるものであり、また追跡調査9は、前回の調査の後に発生した人口学的事象を2回目以降の調査で継続して調査するものである。この形式の調査を、面接調査員が数度にわたる訪問を通じて被調査者に会う義務がある場合の用語である再訪問10と混同してはいけない。センサスにおいては、情報は面接11か、あるいは自計（自己記入）12のいずれかによって得ることができる。他計方式（調査員記入方式）11とも呼ばれる前者の方式では、被調査者によってあるいは被調査者について提供される情報を調査員が調査票に記入するのに対して、自計方式（世帯記入方式）12とも呼ばれる後者の方式では、調査票は被調査者（204-1）自身によって記入される。自計は、郵送センサス13の形式をとることもある。
備考：実査enumeration（名）；実査するenumerate（動）。 数え上げcount（名）；数え上げるcount（動）。 一覧表list（名）；一覧表にするlist（動）。 調査survey（名）；調査するsurvey（動）。"
,2,204,"センサス（202-1）や調査（203-4）において質問に回答する人は、被調査者（回答者）1と呼ばれる。情報を収集する（130-4*）人は、面接調査者2、実地調査者2または調査員2と呼ばれる。最後の用語は通常、センサスにおいて情報を収集する人に対して用いられる。調査員は通常、指導員3の監督の下で働く。全国センサス（202-2）は通常、各国の統計局4によって実施される。
備考：アメリカ合衆国では、センサスを所管する官庁は、センサス局Bureau of the Censusと呼ばれる。イギリス（イングランド・ウェールズ）では一般登録局General Register Office、スコットランドでは一般登録局General Registry Officeと呼ばれ、両者ともに登録局長Registrar Generalの指揮下に置かれている。"
,2,205,"センサスは通常、義務的1である。すなわち、被調査者（204-1）は必要な情報を提供することに法的な義務を負っている。この点で、センサスは任意調査2（203-4参照）と異なる。この調査では、無回答3という問題が重要となるかも知れない。とくに郵送調査（203-7）の場合には、一回の調査票の配布だけでなく、2回以上の配布や、時には訪問によって追跡する4ことが必要である。無回答者5はしばしば、拒否する6もの、すなわち調査に協力しようとしないもの、および調査員（204-2）が見つけられなかったものとに区別される。後者は不在者7または未接触者7として計上される。回答拒否率8は、回答者の反応についての有用な指標である。利用できない標本抽出単位を他の単位と置き換えることは、代替9と呼ばれる。
備考：拒否するrefuse（動）；拒否refusal（名）。 不在者absentee（名）；不在するabsent（動）；不在absence（名）。"
,2,206,情報の収集に用いられる調査用紙1は、多くのいろいろな名称で呼ばれている。調査票2という用語、とくにセンサス調査票2という用語は頻繁に用いられる。調査用紙の中で最も多いのは、調査票（質問票）3である。これはとくに、被調査者自身による記入4のために設計されたものをいう。他方、官庁は、もともと非統計的な目的で用いられる記録から抽出する7業務諸表5や明細表6を作成している。質問には通常、二つの基本型がある。択一式質問8と自由記入式質問9である。前者は、調査票に記載された一定数の回答の中から一つを選択して回答する方式であり、後者は、回答者が任意に回答できる方式である。
,2,207,センサス調査票（206-2）には、単一の個人だけに関する情報を含む個人調査票1、世帯（110-3）の各構成員に関する情報を含む世帯調査票2、または調査員（204-2）が調査対象となるすべての人のデータを順次記入していくための集団調査票3、名簿3あるいは調査員記入票3があり得る。施設人口（310-7）のための施設調査票4と呼ばれる特別の調査票もある。
,2,210,センサス実施作業1は通常、センサス地域2と調査区3の画定から始まる。町や都市における調査区は、一つないし数街区4から成る。一街区は、一つの街路を横切ることなしに歩くことができ、また鉄道や河川のような障害物によって区切られた区域内にある建物の集団と定義される。いくつかの国におけるほとんどの大都市は、一つまたは数調査区を含むセンサス・トラクト（国勢統計区）5と呼ばれる統計地域に細分されている。
,2,211,"人口動態事象1は、出生、死亡、死産、胎児死亡、婚姻、養子縁組、嫡出化、認知、婚姻の取消、離婚、別居と定義することができる。つまり、民事上の身分2の変更と合わせて、個人が生まれてから死ぬまでのすべての出来事を網羅する。これらの事象の記録は、一般に人口動態記録3または人口登録簿（戸籍簿）3と呼ばれる。人口動態事象は、法律上の理由で、多くの国々において長い間人口動態登録4または公民登録4の対象となってきた。出生登録5、婚姻登録7および死亡登録9は、出生届6、婚姻届8および死亡届10のような特別の様式を用いる。これらは、最も一般的な登録の書類である。これらの登録簿を保管する責任者は、登録官11と呼ばれる。[*NoteTerm!!公民登録システム*]civil registration systemは、教会によって保存されている教区登録簿（214-1）の名残りである。登録簿はもともと、各事象ごとに1行ないし数行にわたり記録された、綴じ本であった。今日では、個々の記録はしばしば[*NoteTerm!!証明書*]certificatesの形式をとっている。それらは、記録された人口動態事象ごとに別々の書類となっている。
備考：登録簿register（名）；登録するregister（動）。登録registration（名）。"
,2,212,"人口動態統計1または届出統計（登録統計）1は、人口登録簿または登録の際に作成された統計報告2を集計処理することによって得られる。母親あるいはその子孫の居住地による集計3はしばしば、発生地による集計よりも人口学的には有用であると考えられている。
備考：多くの国では、出生の届出の時期time of registrationは、その発生の時期time of occurrenceよりも著しく遅れがちである。"
,2,213,"前節（211-4参照）で述べた登録簿は、継続的登録2制度を持つ国々の人口台帳1とは区別される。この台帳では、人口の各構成員または各家族は、カード3によって表示される。この台帳は、地方の登録事務所を通じて、住居変更5（310-6参照）の届出が受理され、その情報が中央統計局に伝達されることによって維持され4、または更新される4。これは通常、センサスの結果と照合され6、特別の検査7によって定期的に更新されている。
備考：カード・ファイルcard fileはカードの集合である。ファイルfileとは、便宜的な順序に並べられた記録の集合である。"
,2,214,歴史人口学（102-1）は、しばしば、公民登録（211-4）やセンサスの名簿（207-3）が発達する前に存在したり、あるいはその先駆けとなる記録を用いる。教区登録簿1は、洗礼2、宗教婚（503-2）や埋葬3のような人口動態事象に相当する宗教的行事に関する情報を含んでいる。クリソム（生後1月未満に死亡した嬰児）5、すなわち教会での公式な儀式の前に死亡したために、非公式に洗礼を受けた嬰児については埋葬記録のみしか利用できない。名簿は、人口の一部に関する情報を含むことが多く、全人口に関するものはめったにない。名簿は、炉税名簿9、課税台帳10、徴兵名簿11のような行政記録や財務記録ばかりでなく、聖霊享受者身分帳6、すなわち全教区民リスト、聖体拝受者リスト7、信徒按手式対象者リスト8を含んでいる。
,2,215,データは、いくつかの形式の用紙1や伝票1を使って教区登録簿から抜き出される。これらは、洗礼伝票2、婚姻伝票3や、埋葬伝票4を含んでいる。記録の対象者5（すなわち、洗礼を受け、埋葬され、あるいは結婚した人達）の名前がこれらの伝票に記載されており、そして両親および教父6、教母7や立会い人8のような他の人達に関する情報が記録されている。対象者の名前の有無にかかわらず、データの要約的な抽出のためには、他の転記用紙11も用いられる。家族復元（638-2）のために、家族復元用紙（638-1）が用いられる。系図学12において個人や家族の系図を復元する場合には、それらはある条件の下で、上流階級の人口学的特性に関する貴重な情報源となる。
,2,220,"もともとその目的のために企画されたものではない書類から統計データを得るという方法は、抽出1と呼ばれる。一般に、そのデータ源が何であれ、統計情報を得るためには人手による3か、機械による4か、電算機による5か、あるいはそれらの組合わせ方式によるデータ処理2が必要になる。手集計は、卓上計算機6よりも複雑な機械を使わないで行うデータ処理の方法である。機械集計では、製表機（224-2）またはパンチカード（224-3）機を使用する。電算集計では、コンピューター（132-2*）を使用する。データ処理の方式とはかかわりなく、データの編集8、製表（130-6*）、計算（132-3）、および統計表作成9を含むデータ作成作業7を行う必要がある。これらの作業は、選択されるデータ処理の方式によって複雑になったり、そうでなかったりする。
備考：抽出extraction（名）；抽出するextract（動）。 処理processing（名）；処理するprocess（動）。 編集editing（名）；編集するedit（動）。英語では、この用語は、基本的な書類上あるいは機械読み取り可能データ上における不一致の補正、または漏れの除去のために行われる作業をいう。フランス語では、編集は製表の段階をいう。"
,2,221,"通常、データの編集に先立ち、基本的書類2の上で、一定数の記載事項について符号づけ1が必要である。符号づけの設計3によって、記載事項と数字またはアルファベット符号への変換との間に対応関係が確立される。符号表（コード・ブック）は、特定の基本的書類に用いられる符合づけの設計をまとめ、記述したものである。符号づけの設計は通常、後で行うデータの仕分けを容易にするように考案されている。対照的に、分類4は個々の符号の一覧表である。この表では、各見出し5は一個または数個の数字で示される。データが符号づけされた後、それらは機械読み取り可能用紙に変換できるファイル（213-3*）にまとめられる。編集の第2段階では、内容検査7と整合性検査7による誤りの除去を行うことによって、ファイルのクリーニング6を行う。これらは、各統計単位（110-1参照）内の内部的査照によるか、あるいは異なる統計単位との比較によって行われる。誤りが見つけ出された後、それらはもとの書類上あるいはファイル上で、自動的手続きを通じて修正される。
備考：符号code（名）；符号づけをするcode（動）；符号づけcoding（名）。"
,2,222,"編集されたデータそのものは、直接にはほとんど用いられない。そのデータはグループ分け（130-7）され、そして製表（130-6*）される。そして、これは通常、統計表（131-4）の形に表章される。これらは、人力または機械のいずれかによるソート（仕分け）1によって行うことができるが、これによって、事前に決められた規則に従って一連の事象単位の再構成、あるいはもっと単純に、特定の属性をもつ事象単位の系統的な計上が行われる。事象単位や属性の選択は、一つあるいは数個の数量的属性の値、あるいは一つあるいは数個の質的属性における固有の特性2に基づいて行われる。ほとんどの研究は、単純なものであれ複雑なものであれ、あるいは1回だけのものであれ繰り返しのものであれ、一連の計算なしには行われない。そして、コンピューター（225-2）は今や、人力では時間の掛かりすぎる計算を可能にする。これらの可能性は、データ分析3の技術の発展をもたらした。決定論的および確率論的モデル（730参照）はかなりの計算を必要とするし、シミュレーション（730-6）も同様である。
備考：仕分けsorting（名）；仕分けするsort（動）。"
,2,223,製表（220-9）の段階は、データ処理の結果を一覧表1、統計表（131-4）あるいは統計図表（155-2）といった形で簡便に利用できるようにするためのものであり、それらはすべて記述統計2で共通に用いられている。コンピューター・グラフィック化3やコンピューター地図化3によって、予備的段階における大量のグラフ表現を可能にする。
,2,224,"純粋な意味での機械による処理（220-4）には、電子機器1の利用は含まれなかったが、それはかつての製表機2や記録機2に取って代わるものとなり、しかもずっと多目的なものになっている。多くの場合、情報にはまず符号づけ（221-1*）が行われ、次に穿孔機4を用いてパンチカード3に転記される。カード穿孔検査機5は、穿孔の正確性を検査するために用いられる機械である。コンピューターへのデータの入力方法としてはパンチカードがまだ利用されているので（訳注）、これらの2種類の記録機が、一般的に用いられている。一方、カード分類機6や製表機7のような他の記録機の利用は減少してきている。パンチカードに頼らず、データを直接磁気テープ（226-4参照）や磁気ディスク（226-5参照）に入力することが多くなっている。
備考：パンチカードpunch cards、punched cards。 キイパンチkeypunchまたはカードパンチcard punch（訳注）1970年代後半の時点で。"
,2,225,人口学の研究は、コンピューター（電算機）2を用いたデータの電算処理1に大きく依存している。ハードウェア3という用語はその物理的機器装置を指し、ソフトウェア4は、コンピューターを使う方法を利用者5に提供するものである。コンピューター専門家6には、システム・アナリスト9が構想したプログラム8を実際に書くプログラマー7も含まれる。
,2,226,コンピューター（225-2）のハードウェア（225-3）部分は、1個または数個の中央処理装置1、1個の中央記憶装置2、磁気テープ4や磁気ディスク5を用いる一つ以上の大容量記憶装置3、1組の入出力装置6から成り立っている。ソフトウェア（225-4）の部分は、利用者（225-5）が利用者のプログラム9を運用するために使う施設8を効率的に管理するためのオペレーティング・システム7と、標準的な問題を解くために考案された既製のプログラム（225-8）であるデータ処理プログラム10から成り立っている。
,2,227,"利用者（225-5）は、フォートラン、コボル、ベーシック、あるいはアルゴルのような一般的なプログラム言語1や特定の言語でプログラム（225-8）を書くことによって、課題を処理することができる。これらの言語は、データバンク2を創り出し維持するのに使われるデータベース管理システム2、調査データ処理プログラム3、あるいは統計パッケージ4のような、コンピューターの中央記憶装置（226-2）に保管されるデータ処理プログラム（226-9）を使うために考案されたものである。情報をコンピューターに入力し結果を得るために用いられる方法は、データ処理の方式に応じて異なることがある。バッチ処理7では、普通の入出力装置は、カード・リーダー5とライン・プリンター6である。コンソール8は、タイム・シェアリング方式9におけるデータ処理のための普通の入出力装置である。いずれの場合においても、入力装置はコンピューターとは場所的に離れている場合があり、これらの条件の下でのデータ処理は、遠隔の端末装置10によって達成される。
備考：上に定義されたプログラム言語に加えて、他の種類の言語が、オペレーティング・システムを操作するのに用いられることがある。これらは通常ジョブ制御言語job control languageといわれる。"
,2,228,コンピューターで処理されるいかなる情報も、三つの主要な局面を経過する。第1は、データのエントリー1または入力1である。これは、パンチカード（224-3*）を用いるか、あるいはコンソール（227-8）のようなオンライン2による方法によって行われる。コンピューターにすでに保管されているデータは、中央記憶装置（226-2）からか、あるいは大容量記憶装置（226-3）の一つから得ることができ、入力データとして用いられる。第2の局面であるデータ処理（220-2）は、二つの主要なタイプ、すなわち数値処理4と非数値処理5とに区分される。統計的あるいは算術的計算は、通常前者に含まれる作業である。一方、データの加工操作の作業は、後者の主要なものである。しばしば、出力の段階といわれる第3の局面においては、処理結果6またはアウトプット6は、ライン・プリンター（227-6）上で印刷され、あるいは後の段階でのデータ処理のために大容量記憶装置（226-3）上でファイルに保存されることもある。処理結果をグラフや画像の形で得るために、結果はまた、プロッター7に転送されることもある。
,2,230,"人口統計の正確性1は、他の要因もあるが、単位となる個人、集団、または事象の計数値の完全性2に依存することが考えられる。脱落3や調査漏れ3は、過少推計4をもたらしやすい。一方、重複調査5は、過大推計6を招きやすい。誤りのもう一つの原因の中には、年齢のような属性の申告ミス7や分類ミス8も含まれる。このような不正確性は、時には事後調査検証9や人口学的内部検証10によって発見されることもある。時にはある種の質問が回答されなかったり、不十分に回答されたりすることもあり、その場合無回答11、不詳11または不明11の項目に該当する数字が大きくなって、かなり不正確な統計情報となることがある。
備考：正確性accuracy（名）；正確なaccurate（形）。 完全性completeness（名）；完全なcomplete（形）。“完全な”および“完全性”という用語は、ここでは調査上の漏れがないことを表すのに用いられる。同じ用語はまた、202-4におけるように、調査範囲の包括性という意味でも用いられる。 人口動態登録から由来する事象の漏れは、登録漏れunderregistrationと呼ばれる。そして、センサスまたは調査からの漏れは、調査漏れunderenumerationと呼ばれる。 二重調査double countsという表現もしばしば、この意味で用いられる。"
,3,301,"人口統計は一般に、人口の地理的分布1または人口の空間的分布1として、さらに構造（144-4）としても表章される。人口は一定の地域2または領域2（305-6）に居住し、地理的分布3または空間分布3の研究は、人口が領域内でどのように分布しているかを観察するものである。
備考：領域territory（名）；領域的なterritorial（形）。"
,3,302,人口が住む領域（301-2）は通常、[*NoteTerm!!小地域*]、部分地域1に細分される。行政上は、行政地域2、行政単位2または行政区域2として分類され、法律上の区域2または政治上の区域2と呼ばれることもある。一方、地理学者は、地域を地理区3または地帯4として分類することがある。これらは行政上の単位と対応することもあり、しないこともある。“地理区”または“地帯”という用語は、幾つかの異なる意味で使われることがあり、該当する面積はその大きさがかなり異なる場合がある。したがって、極地地区、気候地帯、大都市地区などという表現が用いられる。自然地理区5と経済的地理区6という用語は地理学者が用いる慣用語である。自然地域7なる用語は人類生態学（104-5）において、他と比べて顕著な特徴のある人口が占有している地域を定義する場合に用いる。
,3,303,"行政単位は国によって異なり、同じ国でも時代によって異なるので、同じ用語が異なる状況を意味することがある。小さな自治体の地域は、町1と教区1を含み、大きな自治体の地域は、州2（訳注）などという名称を用い、中間の単位は郡5または地区6と呼ばれることが多い。たとえばカナダでは、大きな行政上の区分は、その大きさに従って、町8、郡9、州10である。
備考：村villages、区boroughsおよび市citiesも時に小さな自治体の単位を呼ぶのに使われる。地方自治体municipalityとは、最小単位の自治体を指していう一般的な用語である。合衆国では、教区は郡と同じである。（訳注）日本ではほぼ県に当たるが、県はprefectureと英訳するのが慣用である。"
,3,304,"人口は、常住1、定住1、という形態か、あるいは特定の地域内で特定の住居を定めることなく出たり入ったりするような遊牧的2な形態をとる。常住の過程にある遊牧民は半遊牧的3と呼ばれる。時に未開の人々は、彼らだけに割り当てられた領域に住み、これは原住民居留地4または居留地4と呼ばれる。
備考：遊牧的nomadic（形）；遊牧nomad（名）。"
,3,305,"国1とは通常、国民2（333-3参照）または民族2の領域（301-2）である。一つの民族に属する人々は、一般に同じ文化を共有する。国家3とは政治的主体である。この用語は二つの違った意味で用いられる。最も普通の意味では、国家とはその領域においてそこに住む人々に対して全面的な統治権を有する主体である。しかしながら、連邦国家群4からなる連邦4の多くがやはり州5と呼ばれる小さな単位に分かれており、国家の統治権は絶対的でないことがある（例：アメリカ合衆国、オーストラリア）。領域6（301-2）なる語は通常、地理的地域について用いるが、時に最近入植した新しい政治的地域を表すのに用いることがある。自治区域7と非自治区域8を区別することがある。
備考：民族nation（名）；民族のnational（形）。"
,3,306,"一つの領域（301-2）内では、人口のいろいろな種類の集成体1とか集合体1を表すのに、時として人口集合1、人口群1、あるいはより一般的に地域集団1として知られるいくつかの用語が用いられている。農村地域では、最小単位を小集落2と呼ぶことがあり、これは通常非常に少数の家からなる。これよりほんの少し大きい人口の集合が村3であり、これは普通小さいコミュニティーであって、主として農業人口から成り立つことが多い。町4または市4は通常、農業に従事している人数が少なく、人口がもっと大きい集合だが、村から町または市へ移行する場合の基準を定めるのは難しく、国によって異なる。領域（305-6の意味における）の政府所在地はその首都5と呼ばれる。郡では、地方政府の所在する場所は郡都6または郡の首都（郡庁の所在地）6と呼ばれる。町や市はさらに、地区7、小区域7と、選挙のための区7に細分される。
備考：集合体agglomerationなる語も同じ意味で用いる。307-1を参照のこと。 非常に大きい町や都市を大都市圏metropolis（名）と呼ぶことがある。大都市圏のmetropolitan（形）。町town（名）；都市的な（都市の）urban（形）。"
,3,307,"隣接する自治体を越えて市街地が続くことがあるが、これらの地方・自治体はそれぞれ行政上の独立を保ちながら、それぞれ特別の機能をもった中心市2と郊外3を含む一つの集合体1を構成することがある。連担都市4または大都市圏4なる語を用いて、地理的に隣接しているがその独自性を保持している多数の異なる集合体を表すことがある。しかしながら多くの場合に、連担都市という用語は集合体の同義語として用いられる。連担都市と大都市との融合は、広大な地域に広がる巨大都市5または大都市圏地帯5となる。[*NoteTerm!!郊外*]suburb（名）；[*NoteTerm!!郊外の*]suburban（形）；[*NoteTerm!!郊外化*]suburbanization（名）：大都市に隣接した郊外地帯での急激な人口増加の過程。大都市に隣接する人口密度の高い地域は、時に[*NoteTerm!!都市周辺部*]urban fringeと呼ぶことがあり、都市と農村区域の境の地域を[*NoteTerm!!都市-農村周辺部*]rural-urban fringeまたは[*NoteTerm!!郊外周辺住宅地域*]exurbiaと呼ぶことがある。 3 都市の人口を、[*NoteTerm!!標準大都市統計地域*]standard metropolitan statistical area（合衆国）、[*NoteTerm!!人口集中地区*]densely inhabited district（日本）、[*NoteTerm!!連担都市*]conurbation（英国）などの[*NoteTerm!!統計的地域*]statistical areasに分けることがある。
備考：その他の同義語としては、都市核urban nucleusがある。 同義語として頻繁に用いられる語には、衛星都市satellite communities、郊外地帯suburban zoneがある。"
,3,310,"人口センサスでは、一定の地域に常時住んでいる人々からなる居住者人口1すなわち常住人口1と、センサスの日にその地域にいた人々からなる実際人口2すなわち現在人口2の区別をする。居住者人口では、一時不在者4がセンサスの日にその地域にいる常住者3の中に含まれる。実際人口は居住者、旅行者5または一時通過者5からなる。この二つの人口の数え方は、全国レベルでみても違った結果を示す。人が住んでいる場所を常住地6と呼ぶ。行政上は、大型居住施設に住んでいる人々（たとえば、寄宿制の学校、兵舎に住んでいる軍人、囚人など（110-5*を参照）は別に数えることが多い。これらの人々は、施設人口7である。浮浪者8や住所不定者8などを数えるためには、特別な規則が用いられる。
備考：住所domicileなる語は、法律上の居住地legal residenceを意味する専門語で、人が法律上居住しているresideと見なされる場所をいい、実際の居住地residenceとは異なることがある。アメリカ合衆国では、法律上の人口が常住地usual residenceの人口となる。 アメリカ合衆国では、施設収容者institutional inmatesという場合、矯正施設、病院、結核療養所、老人ホーム、障害者・その他のホームで保護観察下に置かれて生活している人を意味する。その他の集団居住施設other residents of group quartersに住んでいる人々としては、大学の寄宿舎に住んでいる学生や兵舎に住んでいる軍人などがある。"
,3,311,"多くの国では、農村地域1は、人口規模が一定数（普通2,000人）以下の行政区域と定義される。他の地域は、都市地域2と呼ばれる。農村人口3とは、農村地域に住む人口をいい、都市人口4とは都市地域に住む人口をいう。特定の地域の人口を農村または都市セクターのいずれかに割り当てる基準は、国によって異なる。農村人口と都市人口の定義によっては、準都市人口5という中間の範疇を設けることもある。
備考：農村的な（農村の）rural（形）；農村化ruralization（名）：農村地域に住む人の割合が多くなること。農村人口を、農業人口または農家人口（359-2）と混同してはならない。 都市的な（都市の）urban（形）；都市化urbanization（名）：都市地域に住む人の割合が多くなること。"
,3,312,"人口の密度1または人口密度1とは、人口とその住む面積との関係を示す指数である。最も単純な密度指数2は、全人口を領域の面積で割って得られ、通常、1エーカー、1平方キロメートル、または1平方マイル当たりの人口数として示す。人口分布3は、定住4のタイプ、すなわち集合して定住5しているか、分散して定住6しているかによって異なる。研究者によっては、物理学で重心を見いだすのに使う数学的方法を用いて一定地域の人口中心（人口重心）7の計算をしている。その場合、人口の一人一人に対して均等の重みがつけられる。
備考：密度density（名）；密集した（稠密な）dense（形）。"
,3,313,異なる人口の定住パターンを比較し、地表面積以外の要因を考慮する場合には、相対密度指数1を計算することがある。いろいろな指数があるが、例をあげれば可耕地単位面積当たりの人口密度2や可耕地単位面積当たりの農業人口密度3などがある。時にこれらの指数は、可耕地5というよりは既耕地4に基づいていることがある。密度はまた、人口と経済的資源の総体との関係として表すことができよう。すなわち、資源とそれによって扶養しうる極大人口との関係を示す潜在的極大密度6または人口扶養力6が考えられる。適度密度7、すなわち資源を所与とした場合に、一人当たり実質所得を極大化するような密度、という概念が人口理論では用いられる。
,3,320,"人口の性（男女）別構造1や性（男女）別分布1は、ある性2の総数の人口総数に対する割合によって測られるが、他の性の総数に対する比率をとる方が多い。慣例的には、男性を分子にするのが普通で、人口の男性度3を表す。男性比率4は、総人口に対する男性の割合であり、性比5は女性の数に対する男性の数の比率を意味する。一般にこれは指数（132-7）の形をとり、100人の女性に対する男性の数として表す。
備考：時にこの割合について分子が女性の人口であることがあり、人口の女性度feminityが測られる。"
,3,321,人口学では普通、子供（323-3）を含む全年齢のそれぞれの性別の人口を指す場合、男1と女2という表現の代りに、男性1と女性2という用語が用いられる。同じように、少年3と少女4に代えて、男の子供3と女の子供4という用語が用いられる。
,3,322,"年齢1は人口構造のもう一つの基本的特性である。これは一般的に年数かあるいは年数と月数で表すが、ごく小さな子供の場合は月数と日数あるいは年数とその少数で表す。人口学者は通常、年齢をある人がこれまで生きた満年数2で切り捨てることがあり、これを満年齢3という。人口統計では時に、年内に到達する年齢4が問題になる。人がこれまで生きた最後の年の端数を切り上げて、一年と数えることが保険統計上あるが、これは数え年5という。人口センサスまたは人口動態登録では、申告年齢6または記載年齢6を次の整数に切り上げることがしばしば見受けられ、これは特に次の誕生日が近い時に行われることがある。誕生日年齢7なる語は、特に生命表の計算で個人が誕生日を迎える時点を指すのに用いられる。人口センサスでの設問は、出生の年月日、満年齢、または細かく規定しないで単に年齢を問う。年齢が分からない時は、歴史年表8を使って年齢を推定する。この年表は、回答者が生きている間に起こった周知の出来事のリストである。
備考：そこで、年齢階級（325-2）は通常満年齢で表され、たとえば6～13歳のグループは、その誕生日年齢（322-7）が6歳以上14歳未満の人々を含む。"
,3,323,"人口学では、日常用いる言葉を使って人生の諸段階1またはおよその年齢幅を表すことがある。人生の初めには、子供時代2がある。一般に子供3とは思春期（620-2）に到達していない人のことをいう。人生のごく初期には、子供は新生児4と呼ばれる。乳児6という語は、第一回目の誕生日を迎えていない子供を指すが、日常語ではそれよりも少し年齢の多い子供を意味することもある。義務教育年齢に達していない子供は、就学前児童7と呼ばれる。学齢児童8は、就学するのが普通である年齢の子供をいう。
備考：乳児infant（名）；乳児期infancy（名）：乳児である時期；乳児（期）のinfantile（形）。"
,3,324,"子供時代の後は、思春期（620-2）に始まる思春期1または青年期1が続く。青年2または若者3という用語は、子供時代と成年4の間の男女を指して使われる。成熟期4に達したものは成人5と呼ばれる。老年6は大部分の人が引退した人生の時期を定義するのに用いられる。この年齢以上の人々は老人8、高齢者8、老年者8と呼ばれる。
備考：若者youthという語を集合的に用いることもある。単数で用いる場合は、男性を意味することが多い。アメリカ合衆国では、ティーンエージャーteenagerはteenのつく十代、すなわち13歳から19歳の人を指す。 成人maturity（名）；成人のmature（形）；成熟maturation（名）：成人に達する過程。"
,3,325,人口の年齢分布は年齢各歳1別または年齢階級2別に表される。後者には年齢5歳階級3があり、5歳毎の年齢階級3とも呼ばれる。また-19歳、20-59歳、60歳以上などの間隔の大きい年齢階級4もある。人口の年齢分布6または年齢構造6は、場合によっては人口を出生年5別に分類して表示される。年齢分布をグラフ化したものが人口ピラミッド7である。これは人口を性（男女）、年齢別に示す柱状図（155-8）であり、その形からピラミッドと呼ばれる。
,3,326,"人口の平均年齢1はその全構成員の平均年齢であり、中位数年齢2は人口を同数の二つのグループに分ける年齢である。総人口の中で老人の割合が増加する時、これを人口の高齢化3という。若い人口の割合が増加する場合は、人口の若年化4である。年老いた人口5では老人の割合が高く、若い人口6では若い人や子供の割合が高い。上記の高齢化は、人口予測で用いられる技法、すなわち将来の生存者数を決めるために年齢別生存確率（431-6）を適用して人口を加齢7させる方法と混同してはならない。
備考：アメリカの人口学者はyoungingという語も使っている。"
,3,327,"人口の高齢化（326-3）は個体の加齢1または老化1と区別すべきであり、さらに人間の生命が長くなること、あるいは寿命の伸長2とも区別すべきである。後者は、生活水準の向上や医学の進歩によるものである。個体の生理的年齢3は、その組織や器官の状態に依存する。子供の場合には精神年齢4という表現をするが、これはある種のテストを用いて、個々の子供の知能が平均的な子供のそれに到達する年齢と定義される。精神年齢と生理的年齢の研究では、これらの年齢と個人の出生年月日5から数えた暦年齢とを区別する。精神年齢の暦年齢に対する比を100倍したものを、知能指数6（ＩＱと略称されることが多い）という。
備考：老化senescence（名）；老化したsenescent（形）。"
,3,330,国または国家の居住者は、ある種の政治的権利を享受するその国家の臣民1、市民1、もしくは国民1であるか、外国の市民である在留外国人2または外国人2であるか、またはいずれの国の市民でもない無国籍者3と呼ばれる人々である。“臣民”という語は隷属的な意味を持っていたが、今では英語のsubjectsという語にその意味はなくなり、市民の同義語として受け取られることが多い。ただし、時には臣民と市民とを区別することがある。一国の市民は一般に、その国の国籍4を持つ。この語は今日、市民権4と同じ意味で用いられるが、多民族国家6では政治的国籍4と民族籍5とを区別することもある。
,3,331,在留外国人は帰化1によってその居住する国の国籍を取得し、帰化市民2または帰化人2となることもある。国によっては帰化証明書3が取り消される4ことがあり、その場合帰化人は国籍を喪失5することになる。人によっては国籍が一つ以上ある場合もあり、その場合は二重国籍6を有するといわれる。母国ではない国にずっと住んでいる居住外国人7と、比較的短期間住んでいる外国人訪問者8または短期滞在外国人8を区別することもある。
,3,332,"居住している領域に生まれた個人を、その領域の土着民1という。もしその祖先がその領域の原住民であれば、原住的な2、固有の2または土着の2居住者であると呼ばれる。この最後の言葉は、しばしば未開人に向けて用いられる。統計上は、その土地生まれの3人と、外国生まれの4人の区別をする。
備考：土着のaboriginal（形）；土着民（先住民）aborigines（名、複数）。"
,3,333,"人種1という用語は一般に、遺伝によって伝えられたある共通の身体的特徴を有する人々の集団を意味すると考えられる。人口センサスの方法によっては、この用語は時にやや漠然と用いられ、時には共通の文化や民族的な血統で結ばれている人々の集団、さらには一定の領域に住む人々を指すことさえある。そのほかに、時々用いられる用語で民族2という表現があり、ここでも定義の違いによって意味するところが同じではない。民族は一般に、文化、言語または宗教的伝統を共有する人々の集団を意味する。一つの民族が一つの人種であることもあり得る。国民3（305-2を参照）は通常、共通の過去または共通の文化で結ばれる人々の集まりである。一定の領域に住む人々で、人口の過半数とは明らかな違いを示す人々は少数者（マイノリティー）4と呼ばれる。たとえば少数民族4、少数国民4、言語上の少数者4、宗教上の少数者4と呼ばれる。[*NoteTerm!!人種差別主義*]racism（名）：ある人種が本質的に他の人種より優れているとする理論；[*NoteTerm!!人種差別的な*]racist（形）。
備考：人種race（名）；人種的のracial（形）。 部族（種族）tribe, tribal groupは文脈によって現在でも用いられているが、“民族”ethnic groupに代る傾向にある。"
,3,334,"個人は時に、その肌の色1で区別されるが、それは厳密な定義でなく、皮膚の外見上の色どりによっている。国によっては、白人2と有色人3とを区別し、後者を非白人3と呼ぶこともある。異なる肌の色の人同士の結婚を異種族混交4と呼ぶことがある。こうした組み合わせから生まれた人は、混血5であるといわれる。
備考：この意味で異種交配（交雑）crossingということがある。これはまた、個人が時間的経過を介して人種的自己帰属意識を変えることをいう。 白人と黒人negroとの子供はミュラトーmulattoと呼ばれる。南米では、ヨーロッパ人の子孫とアメリカインディアンとの子供をメスティーソmestizoと呼ぶ。ヨーロッパ人の子孫とアジア人との子供は時に、ユーレーシアンeurasianといわれる。"
,3,340,"人口は、日常話されている言語1または方言2によって分類できる。個人の幼年時代にその家庭で話されていた言葉の母国語3と、その個人が日常的に用いる言語である慣用語4とは区別される。二言語併用の5または多言語併用の5国の人々の間では、この区別はつけがたい。これらの問題についての情報を提供する統計を、言語統計6という。
備考：言語language（名）；言語（学）のlinguistic（形）。言語学linguistics（名）：言語と人間の話し言葉の特性、構造、起源、意味を研究する学問。 方言dialect（名）；方言のdialectal（形）：方言は、その発音、文法または語彙のパターンが標準語とは特徴的に異なる言語である。 二言語併用のbilingual（形）；二言語併用bilingualism（名）。"
,3,341,"宗教統計1は、人口をその所属する宗教で分類するものである。主要な宗教2と、その主たる教派3、典礼儀式4あるいは宗派5とは一般に区別される。宗教をもたない人々は、不可知論者6、自由思想家6または無神論者6と自称することがある。
備考：典礼rite（名）は、宗教儀式の意味でも用いられる。"
,3,342,"人口はまた、教育程度1によって分類することがよく行われる。読み書きができる人を識字者2、一定の年齢に達しても読み書きができない人を非識字者3と呼ぶ。特定の学年または一定の教育課程を終了すると、読み書き能力があると考えられることが多い。学歴統計4は、学年5や就学年数5によって個人を分類するが、まれには学校離脱年齢6で分類することもある。そのほかには、取得した修了証書7、学位7、卒業証明書7などによる分類もあるが、それは各国の教育8組織によって異なる。
備考：読み書きのできるliterate（形）；読み書きのできること（識字能力）literacy（名）。識字能力統計literacy statisticsは、読み書き能力に関する教育統計educational statisticsの一部である。識字率literacy rateは、対象人口のうち読み書きができる人の割合をいう。その反対が非識字率illiteracy rateである。 読み書きができないilliterate（形）；読み書きができないことilliteracy（名）：読むことはできるが書くことのできない人を半識字者semi-literateと呼ぶが、このような人は時に識字者として、また時には非識字者として分類される。 学齢人口（346-7）は、学年あるいは就学率level of enrollmentにより分類されることが多く、学歴は普通の学齢以上、特に義務教育年齢以上の人口についてのみ示される。"
,3,343,教育制度1には、国内で教育を提供する公立と私立のあらゆる機関が含まれる。両方のタイプが存在する場合は、学校教育2と私教育3に分れる。就学前教育4の後は、三つの教育水準5に分けるのが普通である。下から、初等教育6、幾つかの周期8または進路8に分けられる中等教育7、および高等教育9である。後者は中でも、大学での学士号11につながる学科課程を含む。技術教育12または職業教育12は中等教育または高等教育のレベルで提供される。
,3,344,"教育施設1の種類と名称は各国特有の教育制度の機能を表す。就学前の教育（343-4）は保育所2または幼稚園2で授けられる。上記三つの教育水準（343-5）を提供する施設は通常、それぞれ小学校3、中・高等学校4および単科大学5または総合大学5と呼ばれる。大学に準ずるものとして、様々な専門学校6が加わる。
備考：単科大学（短期大学、学部）collegeという語は様々な意味で用いられる。university collegeという場合には総合大学並の地位を持たない高等教育機関のことであるが、ほかに総合大学universityを構成する学部collegeという意味もある。"
,3,345,"学級1は生徒2の集団で、同じ教室4で同じ教師3のもとに集まり、通常は同時に指導を受ける。教育の程度が同じレベルの生徒の集団をアメリカ合衆国では同じ学年5、イギリスでは同じ学級5という。学生6という語は一般に高等教育を受けているものを指すが、中等教育レベルでは“生徒”ともいう。
備考：イギリスでいう給費生scholarとは、公的または私的な基金から奨学金を得ている生徒または学生のことである。これをこの場合生徒と同義に用いるのは、古風な用法である。アメリカ合衆国では、このような学生は奨学金受給生scholarship holderまたは奨学生scholarship studentと呼ばれる。 学士号をまだ取得していない大学の学生は学部学生undergraduateである。イギリスで卒業生graduateという時は学士号の保持者を意味する。アメリカ合衆国では、大学、高校、小学校での学業を終えたものであれば誰でも卒業生といってよい。アメリカ合衆国で大学院生graduate studentとは、学士号より上位の修士号あるいは博士号を得ようとしているものをいい、同じものをイギリスの制度ではpost-graduate studentと呼ぶ。"
,3,346,"学校静態統計1では、学校の就学生徒2の数と出席生徒3の数を区別している。これら二つの数字を比較することにより、出席率4が得られる。義務教育5とは、ある定まった年齢階級の人口に対して学校への出席が法律で義務づけられていることを意味する。これにより、法律上学齢6の子供の数、または学齢人口7を特定することができる。
備考：出席率attendance ratioとは、出席している生徒の就学生徒数に対する割合をいい、就学率enrollment ratioとは学齢人口に対する就学生徒の数をいう。"
,3,347,教育の進展に関するその他の統計もある。個人は通常、小学校の一番下の学年から卒業まで学年を追って進む。義務教育制度の下では、学齢期間中の退学1は病気や死亡の場合を除いて非常に珍しい。中退率2とは学年の途中または終りに、卒業資格を取ることなく学校を中退する確率をいい、生命表における死亡確率と同じように計算される。その補数が継続率3である。これらの率を用いて就学生命表4が計算でき、その表から平均就学期間5を出すことができる。学年の終りに、学業を終えていない生徒や学生は、志望変更6をするにせよしないにせよ、留年するか、さもなければ次の学年に進むことになる。
,3,350,"労働人口1または経済活動人口1と、非就業人口2または非経済活動人口2とは通常区別される。一般的にいって、労働人口は有給の活動3に従事している人々である。有給の活動すなわち経済活動3は所得の発生に貢献する活動である。無給の家族従業者（353-5）は普通、経済活動人口に含まれる。無給の家事労働に従事している主婦4、学生、定年退職者などは通常含まれない。非経済活動人口は時に、労働人口の生産活動によって扶養されているという意味で、被扶養者5（358-1）と呼ばれる。（ただし、§358で述べるこの用語の異なる意味を参照されたい）。労働人口の総人口に対する割合は通常、性（男女）と年齢階級などに関して計算され、経済活動率6または労働力（参加）率6と呼ばれる。
備考：有給の就業人口gainfully occupied population、有業者gainful workers、労働力labor forceは、労働人口および経済活動人口の同義語として用いられる。労働人口を統計的に計上するために、有業者方式または労働力方式が用いられる。有業者方式gainful worker conceptによれば、労働人口は通常、有給の仕事に従事している人々から成ると定義づけられる。労働力方式labor force conceptによれば、労働人口調査時に先立つ一定の期間に収入を得て仕事に従事していた人、またはそのような仕事を希望し、あるいは探していた人々の集団と定義される。"
,3,351,"労働人口を構成する労働者1は、就業者2あるいは失業者3に分類される。労働力方式（350-1*）によれば、積極的に求職中の4人、あるいは特定の期間中に一時帰休して（解雇されて）いた人のみが通常、失業者として数えられる。就業人口5とは、給料または収入のために現に働いている人全員をいう。経済活動人口の中には、国またはその時代の経済状態により、通常ならば可能な仕事、あるいは望んでいる仕事に十分に従事できない労働者もかなり多い。この場合、不完全就業6または部分失業6という用語が用いられる。縁辺労働者7はごく稀に経済活動に参加するが、有業者方式（350-1*）によれば、普通の場合労働力には入らない人達である。
備考：就業者employed（名、形）；就業employment（名）：個人が経済活動を行っている状況。就業状態employment statusは、就業者または失業者のいずれかに分類することをいう。 失業者、失業しているunemployed（名、形）；失業unemployment（名）。 時には労働力の不完全利用underutilizationという。不完全就業と不完全利用は、その人の資格以下のレベルの職で働いている人々の状態を指すことがある。"
,3,352,"労働人口（350-1）の職業分類1は、構成員を職業2によって区分けしたものである。職業を職業集団3または職業階層3に分けるために使われる主な基準は、必要とされる技能や訓練の類似性を含めて、労働者の従事する仕事の類似性である。
備考：国際労働機構International Labour Organisationは、比較を可能にするために国際職業標準分類を作成している。"
,3,353,"労働人口（350-1）は通常、従業上の地位1によっても分類される。分類では、業主2は一方で雇用者3と区別され、他方では自営業者4と区別される。後者は有給で雇用者を雇用しないが、業主と同じように、通常別のグループとして区別される無給の家族従業者5の手伝いを受ける。職業分類と従業上の地位分類を組み合わせて、社会的地位区分6を設けることができる。
備考：地位status（雇主employer、雇用者employeeなど）による分類については、各国の人口センサスにおいて種々の用語が当てられている。たとえば、“産業上の身分”industrial status、“雇用上の地位”status in employment、“産業上の地位”position in industry、“従業上の地位”class of workerなどがそれである。 経営者managersは雇用者であっても、時に雇主に数えられる。"
,3,354,"雇用者（353-3）のカテゴリーがさらに細分されることがある。この中には家内労働者1があり、彼らは自分の家で、時には複数の業主のために働く人達である。雇用者を肉体労働者2と非肉体労働者3または事務労働者3に分けることもある。肉体労働者は、技能4によってさらに細分することができ、熟練労働者5、半熟練労働者6および不熟練労働者7に区別される。見習8は時に、雇用者の一部として扱われる。
備考：雇用者のもう一つの分類法として、日給または週給の賃金労働者wage earnersと、月給またはそれより少ない頻度で給与を受ける給与労働者salaried employeesがある。合衆国の統計では、職業上の部門を大きくホワイトカラー労働者white collar workers、職人craftsmen、職工operativesおよび非農業労働者non-farm laborersを含むブルーカラー労働者blue collar workers、サービス労働者service workers、農業労働者（356を参照）の四つに区分している。 筋肉労働者laborerは、不熟練労働者であり、非常な肉体的重労働を行う人をいう。"
,3,355,"雇用者（353-3）の中では、政策決定を行う役員1と、意思決定を実行する管理職2、および工員、作業員を指揮する監督者3または職長3の区別がなされることが多い。
備考：アメリカ合衆国では、幹部役員executiveという語は経営陣の一員を意味する。"
,3,356,"農業には特別な分類が適用される。農業従事者1または農場経営者1は、利益を目的として土地を耕作する人々である。この中では、土地を所有する農場保有者2、地主から土地を借りる小作人3、土地と家畜を借りて収穫の一部で借料を支払う分益小作人3が区別される。農業労働者4は農場主に雇用されて働いている人々をいう。
備考：給料を得て働いている農場管理者farm managerも一般に、農場主として分類される。 スコットランドでは、小規模の農場主は小農crofterと呼ばれることがある。非常に小さな農場をもつ農場主も、小自作農smallholderと呼ばれる。 農業労働者は三つのタイプに分かれる：フルタイムの農業労働者fulltime agricultural laborers、日雇い労働者day laborers、季節農業労働者seasonal agricultural laborersがある。この最後のカテゴリーは移動労働者migrant laborersから成ることが多い。"
,3,357,"労働人口は同様に、産業1、または経済活動分野1によって分類される。この分類は個々人が働く企業2または事業所2の特性によって異なる。農業就業者3と非農業就業者4に人口を分けることが一般に重視される。公務員5は時に別掲され、軍人6または軍関係者6は通常、分類を別にする。ただし公共企業の雇用者は、産業人口に含まれるのが常である。産業は一般に三つの部門、すなわち第一次部門7（農業、狩猟、漁業および鉱業）、第二次部門8（製造業、建設業および電気・ガス・水道などの公益事業）、第三次部門9（商業、金融業、運輸業およびサービス業）に分類される。開発途上国では、伝統的部門10が別掲され、経済の近代的な部門と対比される。
備考：国際比較を目的として、国連は全経済活動の国際標準産業分類を制定している。 国家公務員civil servantは中央政府の雇用者（353-3）である。職員officialという用語は政府公共団体の雇用者であるが、時として大きな会社の給与所得者に対しても使われることがある。公務員government employeesと民間労働者private workersとを区別することが多い。"
,3,358,"非経済活動人口は、被扶養者1（350-5）と自活者2に分けることができる。被扶養者は、稼得者3または生計維持者3に扶養される。これは、たとえば主婦（350-4）と扶養されている子供4の例である。自活者とは、自分で生きて行くのに十分な資力を持っている人で、金利生活者5または資産生活者5、退職者6、年金生活者6などである。被扶養者の特別なカテゴリーとして、生活保護受給者7または公共福祉受益者7がある。働くことができない人は、雇用不適格者8と呼ばれる。非活動人口の活動人口に対する割合を経済的従属比率9という。
備考：被扶養者dependent, dependant（名）；扶養されているdependent（形）；被扶養（従属）状態dependency, dependancy（名）：扶養者に依存している状態。 成人人口に対する年少人口および老年人口の割合を、従属人口指数age dependency ratioと言う。"
,3,359,生計を立てている経済活動の部門によって人口を分類することができるが、その場合被扶養者はその扶養者と同じカテゴリーに入れられる。特定の活動部門に対する依存人口1、特に農業依存人口2という言い方がある。農業人口2という用語が時に同義語として用いられるが、農場に住むか、農業に依存している農家人口2の意味で用いられることもあり、非農家人口3または非農業人口3と区別される。
,3,360,人口センサスで、虚弱者1や障害者2を別掲にすることがよくある。彼らはその虚弱2または障害2の種類によって分類される。肉体的虚弱3、または視力障害や聴力障害などの身体障害3は一般に、精神衰弱4または精神薄弱や痴呆などの精神障害4とは区別される。
,3,361,個人の労働力生命1の研究には、労働力への参入2と労働力からの離脱3の研究が含まれる。参入については、これまで活動したことのない人々と以前に労働力の一員であった人々が区別される。離脱は、たとえば死亡、引退4、一時的休職といった要因別に表示される。分析はコウホート別または期間別によって行い、労働力参入率5、労働力への参入確率6、労働力からの離脱率7、そして労働力からの離脱確率8を最終的に要因別に取り扱う。これらの諸指標は年齢または年齢階級別に計算される。
,3,362,"これらの諸指標は、期間別またはコウホート別の労働力生命表1を計算する助けとなる。前段で述べた確率に加えて、これらの表には労働力への参入年齢2と労働力からの離脱年齢3による分布（最終的には、死亡を考慮するかどうかをによる要因別分布）、労働力への平均参入年齢4と労働力からの平均離脱年齢5が含まれる。労働力余命6、粗労働力余命7（死亡の影響を除外した場合）、および純労働力余命8（死亡を考慮した場合）はすべて、各年齢で活動人口として生き残る平均労働年数を意味する。ある年齢で労働力に参入する人々の労働力余命は、その年齢以降の平均就労期間9を意味する。同じ指標は、全参入年齢について総合的に計算することができる。
備考：休職により労働力から一時的に離脱する人の割合が全体の人数に比べて無視できるほど小さい時は、こうした表が計算される。この条件は男性についてはほぼ当てはまる。女性については、労働力への新規参入first accession to the labor force, entry into the labor forceと労働力への再参入re-entry into the labor forceとを区別する必要がある。"
,4,401,"死亡1の研究は死亡が人口に与える影響を扱う。死亡率2という一般的用語は、死亡3の頻度を計るすべての率（133-4）を意味する。特定の形容詞なしで死亡率という用語が用いられた場合は通常、粗死亡率（普通死亡率）4（訳注）を意味する（粗率の一般的議論については136-8参照）。これは通常年率であり、すなわち一年間に生じた死亡数の、同一期間中に死亡リスクにさらされていた人口に対する比率で表される。この人口は対象期間の平均人口5に等しく、もし人口規模の変化がかなり緩やかであれば、平均人口は通常大きな誤差を伴わずに年央人口で代用することができる。部分人口（101-6）の死亡に限って計算されたものを特殊死亡率（134-6）といい、その中では性・年齢別死亡率6が最もよく用いられる。性を区別しない場合には年齢別死亡率7となる。
備考：死亡mortalityは場合によっては死亡率と同義語として用いられる。 死亡death（名）；死亡するdie（動）；死亡したdead（形）、同じく死亡したdeceased（形、名）。 観察期間が1年を超える場合には、平均人口は一般に各年の人口の推計値の平均として得られる。平均人年（135-7）も分母として用いられる。（訳注）わが国においては、これまで普通死亡率という用語がかなりよく用いられた。"
,4,402,"集団間の死亡率の格差1を研究する場合には特殊死亡率を用い、ある集団の他の集団あるいは残りの人口に対する超過死亡率2という概念を用いることがある。様々な職業における死亡率の違いの研究は、職業別死亡率4の研究と呼ばれている。幾分異なった使い方として、職業死亡5という用語が特定の職業に伴う危険による死亡を意味する場合がある。その危険の中には職業病6と呼ばれるものも含まれている。
備考：死亡率における格差differentials in mortalityという表現も用いられる。 男子の超過死亡率excess male mortalityという表現は同じ年齢における女子の死亡率との比較を意味している。"
,4,403,"粗死亡率（401-4）は死亡率の水準のみならず、人口の構成〔特に年齢構造（325-6）〕にも依存する。異なる人口の死亡率を比較する場合に、人口構造（144-4）による影響を除去するため標準化死亡率1または調整死亡率1が計算されることがある。一定の構成を持った標準人口2を用いて行われる死亡率の標準化の中では、年齢標準化が最も一般的である。対象とする人口の特殊率（134-6）（この場合年齢別死亡率）が得られる場合には、その死亡率を標準人口の該当年齢の集団に乗ずる直接標準化法3を用いることができる。年齢別死亡率が得られない場合には、間接標準化法4によって標準化死亡率を得ることができる。比較的よく用いられるのは比較死亡指標5である。この方法では、まず対象となる人口を構成する部分集団に標準死亡率6を乗じ、その総和をとって、死亡数の期待値を得る。比較死亡指標は観測された死亡数7と、標準死亡率を適用して得られる期待死亡数8との比によって求められる。
備考：標準化するstandardize（動）；標準化されたstandardized（形）；標準化standardization（名）：これは標準化の過程である。 粗死亡率（401-4）に比較死亡指標を乗じたものが間接標準化死亡率indirectly standardized death rateである。イギリスの公式用語において、職業死亡の分野では直接標準化による数値は、比較死亡率comparative mortality figure、そして間接標準化による数値は、標準化死亡比standardized mortality ratioと呼ばれている。"
,4,410,"生後1年未満の子の死亡は乳児死亡1と呼ばれる。生後4週間（28日）のいわゆる新生児期3に死亡した子の死亡は新生児死亡2、生後1週未満の子の死亡は早期新生児死亡4と呼ばれる。新生児後死亡5という用語は、新生児期以後1年未満の期間における死亡を指している。
備考：一部の統計では新生児期間は生後1ヵ月と定義されている。新生児early infancyという用語は、“新生児期の疾病”diseases of early infancyの例のように新生児期間とほぼ同等に用いられる。"
,4,411,"胎児死亡1という表現は、妊娠継続期間（603-3）に関係なく胎児（602-7）が母親から完全に排出もしくは摘出される以前の死亡に対して用いられる。子宮内死亡率1という用語が用いられることもある。これらに対応する死亡は胎児死亡2あるいは子宮内死亡2と呼ばれている。早期胎児死亡3は妊娠満20週未満の死亡であり、中期胎児死亡4は満20週から満28週の間の死亡である。満28週以降は全体として後期胎児死亡5と呼ばれ、その個々の死亡は後期胎児死亡5あるいは一般には死産5と呼ばれている。周産期死亡6は、後期胎児死亡および乳児死亡の一部（早期新生児死亡あるいは新生児死亡全て）を含む。
備考：胎児のfoetalはfetalとも綴られる。 妊娠の損失とも命名されている。これらの用語は妊娠中絶（603-5）、流産（604-1）、および死産を含む。 早期胎児死亡は一般に流産miscarriageとして知られている。 死産stillbirth（名）；死産のstillborn（形）。フランスを含むいくつかの国では、生きて生まれ登録前に死亡した子は死産として扱われている場合があり、これは、偽死産false stillbirthsと呼ばれている。 これは英語ではperinatal deathsともいわれる。"
,4,412,ある1年間に発生する1歳未満の死亡1、28日未満の死亡、そして1週未満の死亡のその年の出生数に対する比率はそれぞれ乳児死亡率2、新生児死亡率3、早期新生児死亡率4といわれている。これらの率は一般に出生1000対で表される。もし死亡が年齢と出生年で分類されていれば、1歳未満の死亡を二つのコウホートに分けることができる。これによって得られる指標は調整乳児死亡率5であり、これは1歳未満死亡確率5に等しい。もしそのような情報がない場合には、分離係数6を推計し、これによって乳児死亡を当該年に生まれた乳児の死亡とその前年に生まれた乳児の死亡とに分割する。
,4,413,"出産総数に対する後期胎児死亡（411-5）の割合は後期胎児死亡率1と呼ばれる。出生数（601-4）に対する後期胎児死亡数の比率は後期胎児死亡比2と呼ばれている。胎児死亡率3は、同一年次における出産数1000に対する既知の子宮内死亡数の比率であり、一方、胎児死亡比4は出生数1000に対する（既知の）子宮内死亡数の比率である。これらの指標は、早期子宮内死亡がしばしば観察されないか、あるいは気付かれないままでいることがあるため、（実際の）子宮内死亡率を大幅に過少評価している。子宮内死亡を計測するよりよい方法として、子宮内死亡表5が作成される。これは生命表（432参照）の一つの応用で、妊娠期間に基づいて作成される。周産期死亡率6は後期胎児死亡数と出生数の和に対する周産期死亡数（411-6*）の比率である。
備考：死産率stillbirth rateとも呼ばれているが、この使い方は勧められない。 死産比stillbirth ratioとも呼ばれているが、この使い方は勧められない。 周産期死亡比perinatal mortality ratioは出生数に対する周産期死亡の比率である。"
,4,414,年齢別死亡1の研究では、乳児死亡（410-1）および新生児死亡（410-3）という用語については一般に受け入れられた年齢区間があるが、年少者死亡2、成人死亡4、あるいは高齢者死亡5の年齢幅は統一されていない。1歳から4歳までの間の死亡率を幼児死亡率6ということもある。
,4,420,"罹病1の研究は、ある人口における病気2や疾病2を扱うものである。新たな疾病の発生件数5を考えるか、ある時点における疾病件数を考えるかによって、疾病の発生3と疾病の罹患4という二つの側面が考慮される。罹病統計6の作成は健康と病的状態7の明確な区別がないために困難を伴う。疾病分類表8および疾病分類学9はそれぞれ疾病の分類と記述に貢献している。
備考：疾病disease、病気illness, sicknessは英語では単数形で集合名詞として用いられ、特定の軽微なまたは慢性の病気ailmentを示す時は単数、複数の両方が用いられる。"
,4,421,保健（衛生）統計1は、疾病統計と同時に人口の健康に関するすべての側面を網羅し、一般に死因別死亡率2の統計も含んでいる。死因3による死亡の分類は、多くの死亡が単一死因4によるものではなく、複数死因5もしくは複合死因5によるものであるために困難なものとなっている。このような場合、直接死因6と潜在的死因7とを区別し、別の見方をすれば主要死因8と第二次的死因9あるいは関連死因9とを区別することができる。死因別死亡率10は一般に人口10万対で表される。全死因による死亡数の中に占める特定死因による死亡数の割合は、死因別死亡割合11と呼ばれている。
,4,422,"死亡や障害（426-2）は疾病（420-2）、傷害1、中毒2の結果起こるものである。傷害は事故3や暴力4が原因である。暴力によるものの中では、自殺5と自殺未遂5、殺人6、戦争による死亡と傷害7を区別するのが普通である。
備考：事故accident（名）；事故によるaccidental（形）。 暴力violence ；暴力によるviolent（形）。 殺人homicide（名）：法的には殺意による殺人murder、過失致死manslaughterが用いられる。 戦死war deathsおよび戦争傷害war injuriesと略される。"
,4,423,"風土病1は、人口の相当多くの部分に恒久的に影響を及ぼすものであるのに対して、流行病2はかなり短期間に広がり、そして消滅するものである。流行病が多くの国に発生した場合は世界的流行病3と呼ばれる。ある種の感染症4あるいは伝染病4は、比較的短期間に多くの人に感染するために特別の注意が払われている。このような場合は流行病5といわれ、その発生率を調べるために特別な疫学統計6が作成されている。これらの病気についてはその報告が法律によって義務づけられている国が多いため、色々な国でその情報を集めることが可能である。したがって、それらは届出伝染病7と呼ばれている。慢性病8と急性病9の区別がなされることもある。これらの用語に明確な定義はないが、急性病は一般に突然発症し罹患期間が短いと理解されているのに対して、慢性病は緩やかに発症し罹患期間も長く、しばしば長期の障害の原因となる。
備考：流行病epidemic（名）：形容詞としても使われる。 感染症のinfectious（形）；感染させるinfect（動）；感染症infection（名）。伝染病communicable diseases, contagious diseasesおよび感染症infectious diseasesは同義語ではない。英語のcontagious diseaseは人から人に伝染する場合に限られ、したがってマラリアは伝染病communicable diseaseであるがcontagious diseaseではない。さらに、一定の感染症infectious diseaseは伝染病communicable diseaseではない。 疫学epidemiology（名）：流行病を扱う科学；疫学者epidemiologist（名）：疫学の専門家；疫学のepidemiological（形）：疫学に関すること。これらの用語の意味は現在大幅に拡大し、今日の疫学は生物学的または医学的現象と、たとえば“肺がんの疫学”におけるタバコの喫煙のような様々な要因との関係の研究、あるいは保健衛生に関する地域差の統計的分析といった分野も含んでいる。"
,4,424,"人口学者は次のような死亡の特定の側面に特別な注意を向けている。それは個人の遺伝的体質、先天異常2、出産に伴う傷害、あるいは加齢に伴う退化的な疾病によって引き起こされる内因性死亡1と、それとは反対に、感染症や寄生虫病、事故による傷害（出産時に子供が被る傷害は除く）等のような外的な原因によって引き起こされる外因性死亡3である。また、妊娠、分娩および産褥4にかかわる傷病にも特別の注意が向けられている。これらの傷病による死亡は妊産婦死亡5と呼ばれる。妊産婦死亡率6は1年間の妊産婦死亡数の、同じ年における出産数に対する比率として計算される。老衰7による死亡の割合は、主に死因報告の不充分さの指標として関心が持たれている。
備考：3.乳児死亡（410-1）はしたがって、内因性乳児死亡endogenous infant mortalityと外因性乳児死亡exogenous infant mortalityに分けられる。 産褥期puerperiumは出産後の母体回復期間lying-in periodで、この期間の母親の死亡は産褥期死亡puerperal mortalityと呼ばれている。 老衰senility（名）；老衰のsenile（形）。"
,4,425,"罹病率1あるいは罹病比1によって通常、頻度、経過期間、重症度という罹病（420-1）の三側面が測定される。これらの指標は特定の疾病ごとにあるいは全疾病について計算される。頻度に関しては二つの指標があり、発生率2は一定期間の平均人口に対する疾病の発生件数であり、罹患率3は一時点における平均人口の単位当たり疾病件数である。症例当たりの平均期間4あるいは人口1人当たりの平均被病日数5を示す被病率5のいずれも、病気の経過期間を示す指標である。特定の疾病に関して報告された症例の中で、死亡した症例の比率を示す致死率6は、重症度の指標として用いられる。
備考：これは疾病の致死率lethalityを測るものと言われている。"
,4,426,損傷1は病気、傷害あるいは先天異常によってもたらされた身体的、機能的、精神的欠陥を意味する。損傷が個人の労働能力や通常の活動への参加を阻害している場合には、無能力2または障害2と呼ばれている。これには全体的なものと部分的なものとの二つの区分があり、いずれの場合も回復不能な状態は恒久的障害3、あるいは虚弱4と呼ばれる。年齢がちょうどｘ歳の健康な個人がその後の1年間あるいはもっと長い期間に障害を持つ確率は、障害危険率5または障害確率5と呼ばれている。これらの確率を組み合わせて作成される障害表6は生命表（§432参照）の応用の一つである。
,4,430,"死亡統計は通常、死亡届（211参照）から作成される。死亡が発生すると死亡証明書1が発行され、死亡証明書に記載された情報から統計が作成される。いくつかの国では死に立ち会った医師によって作成される死亡診断書2と、法的目的の為に作成される死亡診断書が区別されている。
備考：イングランド・ウェールズにおける最初の死亡統計は、一般に埋葬登録簿burial registersに基づいて作成される死亡証書bills of mortalityから作られた。人口動態登録に欠陥がある国では、一定期間、通常は調査の前年1年間における死亡に関する調査をもとに死亡統計が作成される。死亡の間接推定indirect estimation of mortalityでは、調査における出生児（637-2）の中の生存子供数number of children surviving、遺児かどうかの状態orphanhood status、寡婦かどうかの状態widowhood status、などの質問項目が用いられる。"
,4,431,"死亡確率1は、ある期間またはあるコウホートの死亡を詳しく研究するために用いられ、ちょうどｘ歳の個人がｘ＋ｎ歳に達する前に死亡する確率nｑxで表される。ｎ=1の場合は年間死亡確率2といい、ｎ=5の場合は5年間死亡確率3という。瞬間死亡率4は通常、死力4と呼ばれ、nｑxのｎがに近づいた時の極限値である。ちょうどｘ歳からｘ＋ｎ歳の間に死ぬ確率を1から引いた値がこの間の生存確率6である。人口推計では生存率7が用いられる。これは同時出生集団、あるいはその個人がｎ年後も生存している確率を表す。
備考：年齢ｘとｘ＋ｎの間の死亡確率は、年齢ｘとｘ＋ｎの間の死亡数のｘ歳ちょうどの生存数に対する比率で定義される。これに対して、中央死亡率central death rateは、年齢ｘとｘ＋ｎの間の死亡数のこの年齢間の平均人口に対する率で、nｍxと記される。 年齢ｘから年齢ｘ＋ｎまでの生存確率はnｐxと記される。"
,4,432,"ライフサイクルを通した死亡の状況は生命表1によって記述される。生命表はいくつかの生命表関数2から成り、それ等はすべて関数関係にあって、一つの値が与えられれば他の値が導き出される。生存関数3は、ある出生コウホートが与えられた死亡率に従って減少するという仮定の下で、各年齢に達する生存数4を示す。最初のコウホートの出生数は生命表の基数5といわれ、最初のコウホートが減少していく過程は損耗6といわれる。
備考：x歳ちょうどまでの生存数は1xと記される。 基数は通常、10,000や100,000などの10のべき乗である。"
,4,433,"異なる年齢の間の生存数（432-4）の差は、死亡関数1のその年齢差における死亡数を表す。生命表はｘ歳の平均余命3を含んでいる。これは生命表が前提とした死亡率に従って、ちょうどｘ歳まで生存した者のそれ以後の平均生存年数である。出生時の平均余命4はその特別なケースで、誕生から生命表の死亡率に従った個人の生存期間の平均値4である。平均寿命の逆数は、生命表死亡率5または定常（静止）人口死亡率5といわれる。
備考：2. つの与えられた年齢の間の生存関数（432-3）を積分することによって、この年齢間のコウホートの合計生存年数total number of years livedが得られ、年齢ｘとｘ＋ｎの間の場合にはnＬxと記される。この関数は生命表ではよく定常（静止）人口stationary populationと呼ばれている。これを与えられた年齢ｘから生存の終了まで合計すると、年齢ｘに達した者のそれ以降の生存延べ年数が得られ、Ｔxと記される。 年齢ｘの平均余命はexと記される。"
,4,434,生存期間の中央値1、あるいは寿命中位数（中位数余命）1は、コウホートの当初の出生数の半数が死亡する年齢である。乳児期以後、生命表における死亡年齢の分布には通常最頻値（モード）があり、その年齢は最頻死亡年齢（最頻値余命）2、時には正規的死亡年齢（並数余命）2といわれる。これは、人間の寿命3の指標としては、出生時の平均余命や生存期間の中央値といった数値よりも日常生活で使われる意味に近いと考えられる。ライフスパン4という言葉は人間の生存可能な最長期間を表すのに用いられている。
,4,435,完全生命表1は生命表関数（432-2）の値が通常各歳で与えられている。簡易生命表（簡速生命表）2は、生命表関数が主要な年齢に対してのみ、通常は歳の後5歳または10歳間隔で与えられている。したがって中間の値は、何らかの内挿法（151-7）によって得られる。一般生命表4が全体の人口（101-4）を対象とするのに対して、特定グループの生命表3は生命保険会社の加入者のような特別に選ばれた個人の集団に関する生命表である。生命表は一般に男女別に作成されるが、男女計で作成されることもある。生命表関数間の経験的な関係を一般化した生命表はモデル生命表5と呼ばれている。
,4,436,暦年生命表1あるいは期間生命表1（153-2、432-1参照）は一定の期間の死亡率に基づいて作成されるもので、コウホート（116-2）は仮設的なものである。これに対して、世代生命表2または、コウホート生命表2は実際の出生コウホートの死亡状況を追跡したもので、ここで用いられる死亡率は長期間、通常約100年間にわたる。死亡面3は死亡確率（431-1）を年齢および期間と共に3次元の図に表したものである。
,4,437,レキシスの図式1は通常、死亡確率や他の人口指標の計算方法を説明するのに用いられる。この図で各個人は出生によって始まり、死亡点3で終わる1本の生命線2によって表現される。非常な高齢者の死亡率の研究では、消滅世代法4と呼ばれる方法が用いられる。この方法では、完全に消滅しているコウホートについて観察された死亡数が用いられる。
,5,501,"結婚1に関する研究は、結婚（行動）2、すなわち法もしくは慣習により規定された権利と義務に伴う両性間の結合3の頻度、結婚・婚姻（訳注）によって結びついている者たちの属性、そしてそのような結合（結婚）の解消を取り扱う。さらに、その発生頻度がある程度高ければ、その他の夫婦的結合（503-8）の研究もまたこれに含まれる。婚礼4ないし結婚式4とは、一人の男性と一人の女性の間の結合を配偶者5、つまり夫6と妻7として一般に認知させるための儀式のことを指し、それは法もしくは慣習によって規定されている。配偶者同士を総称して、夫婦8と呼ぶ。
備考：婚礼marriage（名）；結婚するmarry（動）；結婚したmarried（形）：結婚できる、結婚可能なmarriageable（形）。 婚礼時、およびその直前直後には、男性は新郎（花婿）bride-groom 略してgroomと呼ばれる。 婚礼時、およびその直前直後には、女性は新婦（花嫁）brideと呼ばれる。（訳注）婚姻は婚姻届を出して法的に成立した法律婚を指す。"
,5,502,"婚姻法1もしくは結婚慣習2はそれぞれ社会によって異なる。一人の男性ないし女性が同時に一人の異性の配偶者のみを持つことが許される社会を、単婚3社会という。一人の男性ないし女性が同時に複数の配偶者を持つことが許される社会を、複婚4社会という。複婚社会はさらに、一人の女性が同時に複数の男性を夫とすることができる一妻多夫婚5社会と、一人の男性が同時に複数の女性を妻とすることができる一夫多妻婚6社会とに区別される。 ”複婚”という用語はしばしば一夫多妻婚の意味で用いられる。
備考：単婚のmonogamous（形）；単婚monogamy（名）。 複婚のpolygamous（形）；複婚polygamy（名）。 一妻多夫婚のpolyandrous（形）；一妻多夫婚polyandry（名）。 一夫多妻婚のpolygynous（形）；一夫多妻婚polygyny（名）。"
,5,503,"国によっては、国または州の役人によって執り行われる法律婚1を通してのみ、（夫婦間の）合法的結合が公認される。また、教会法に従った宗教婚2が法的拘束力を持つとみなされている国もある。民法もしくは宗教的儀式によって承認されてはいないけれども、ある程度安定した結合、たとえばそれぞれの地域的伝統に従った内縁3などに対しても、社会的および法的認知が与えられる場合があるが、その認知の程度は国によって異なる。男女の結びつきを示す用語にはいろいろなものがあり、それぞれ異なった種類の関係および社会的容認の程度を示している。合意婚4という用語は社会的に認知され安定した結合を指し、友愛婚4という用語も類似した含意を持っている。自由結合5および一時的結合6という用語は、共に必ずしも同棲7を伴うとは限らないより不安定な結びつきを意味している。いずれにしても、合法的であるか否かは別にして、性別を異にする二人の人間が安定した結びつきを有する場合、その人たちを夫婦8と呼ぶ。人口学者が用いる夫婦的結合8という用語は、合法的結合、そして合法的でないがある程度安定した結合の双方を指す。
備考：男と内縁の妻（妾）との内縁関係concubinage（名）は、ある種の非合法結合を示す。内縁の妻（妾）concubine とは、特に一夫多妻婚社会においては、法的に認知された妻のそれより劣るとはいえ、ある程度一般に認められた配偶者関係にある女性のことをいう。また社会によっては、妾という言葉は、正式な結婚をせず男性と同棲している妻以外の女性を大雑把に指すこともある。今日では、妾に代わって、連れ合いcompanionもしくはメイトmateという言葉が好んで使われる。 同棲cohabitation（名）；同棲するcohabit（動）。"
,5,504,多くの国々で、最低結婚年齢1は法律により規定されている。その年齢は国によって異なり、また性別によって異なることもある。血縁関係の近い者同士の結婚は近親婚2と呼ばれ、一般的に法もしくは慣習によって禁じられている。このような理由によって互いに結婚することを禁じられている人たちを、禁じられた血縁関係の度合い3にあるという。
,5,505,"国によっては、結婚の公告1が婚礼（501-4）の前段階として必要な場合がある。これは、もしそれ相当の理由があれば関係者がその結婚に異議を唱えることができるように、公の通達を出すために設けられている。また多くの国では、結婚式が執り行われる以前に、婚姻許可証2を予め取得しなければならない。そして通常、婚姻証明書3が結婚式終了後に新婚夫婦4のもとへ届けられる。配偶者間に性的関係が成立した時点で、結婚の儀式は完了した（床入りを済ませた）5ことになる。
備考：婚礼前には、将来の配偶者同士は、婚約しているengaged,betrothedといわれる。この婚約engagement,betrothalという用語は、結婚の約束をある程度正式に交わすことを意味する。"
,5,506,"内婚制1をとる社会においては、配偶者は互いに同一の集団（部族や氏族など）に属していなくてはならない。この内婚制という用語はまた、同じ社会集団または地理的集団、通常は限られた規模の隔離集団2に属する構成員の中から配偶者を選択する形態を指す。これとは逆の条件ないし傾向によって規定される制度は、外婚制3と呼ばれる。国籍、人種、宗教などを異にする者どうしの結婚を交婚4と呼ぶ。共通の社会的、肉体的、もしくは精神的特徴を持つ者同士が結婚することを同類婚5と呼び、その逆を異類婚（非同類婚）6と呼ぶ。
備考：内婚制endogamy（名）；内婚制のendogamous（形）。 外婚制exogamy （名）；外婚制のexogamous（形）。 同類婚homogamy（名）；同類婚のhomogamous（形）。 異類婚heterogamy（名）；異類婚のheterogamous（形）。"
,5,510,結婚生活1もしくは夫婦生活1の終りにおける（両性間の）関係の終了2は婚姻の解消3、つまり配偶者の地位から発生するところのあらゆる法的義務の終了を意味し、それには新たな婚姻への法的障害の除去も含まれている。もし婚姻が配偶者の死亡によって解消された場合、生存している配偶者は、男性の場合は寡夫（男やもめ）4、女性の場合は寡婦（やもめ）5と呼ばれる。死別者6とは、寡婦もしくは寡夫の状態7にある人を指す。
,5,511,離婚1が制度として認められている社会においては、婚姻の解消（510-3）は配偶者のどちらか一方に離婚許可の判決2が与えられた場合に成立する。国によっては、配偶者のうち一方がもう一方に離縁される3ことによって離婚が成立する場合がある。離婚による婚姻の解消を経験した人を離別者4と呼ぶ。フランス語で離婚した男女を指す用語のdivorcé5（男性）とdivorcée6（女性）は、時には英語でも用いられる。ただし男性形のdivorcéを使うことは稀である。1[*NoteTerm!!.離婚*]divorce（名） ； [*NoteTerm!!離婚する*]divorce（動）。
,5,512,国によっては、婚姻の非解消1の原則が法または慣習によって支持されており、離婚（511-1）は認められていない。そのような社会制度の下では、配偶者（501-5）のどちらか一方が死亡することによってのみ婚姻の解消（510-3）は可能である。しかしながら、どのような法体系の下でも、性格の不一致や不仲による配偶者間の別居2は起こりうる。別居は、合意の上での、もしくは配偶者のどちらか一方がもう一方を遺棄4した結果としての、事実上の別居3という形をとることもあり、また法的別居5の形をとることもある。法的別居によって、夫婦は同居を含む義務から免れるが、しかし新たな婚姻の契約を結ぶことは許されない。別居によって婚姻が破綻している者を別居者6と呼ぶ。法的には解消されていないが配偶者同士が別居している状態を、婚姻の破綻7という。
,5,513,婚姻無効の判決1とは、婚礼が執り行なわれたにもかかわらず、合法的な結婚2（つまり婚姻）が存在しなかったという宣言が法廷によってなされることを指す。解消された婚姻3という表現は、たとえ法的に婚姻が解消されていなくとも、婚姻の無効や法的別居が認められている場合にもしばしば用いられる。しかしこのような場合には、（両性間の）関係の終了（510-2）という表現の方が、婚姻の解消という表現より適切であり、またこの関係の終了という用語は、婚姻以外の男女間の結びつきに当てはめることができる。
,5,514,"法的見地からみて、法もしくは慣習により定められた結婚の契約を結ぶための条件を満たす者はすべて、結婚可能である1という。そして結婚可能人口2とはこのような状態にある者たちから成る。結婚不可能人口3とは、その反対に、法もしくは慣習により結婚の契約を結ぶことが許されていない人々から成る。しかしながら、結婚市場4、すなわち配偶者選択6が行なわれる集団は結婚可能な者すべてを含むわけではない。結婚候補者7とは、健康上あるいはその他の理由により一時的にせよ結婚市場から除外されていない人たちのみを指す。死別者もしくは離別者は新たに結婚することができ、したがって初婚8と二度目以上の結婚、つまり再婚9とは区別される。婚姻回数10は配偶者間で異なる場合があるため、“初婚”という用語は、それが新郎（501-6*）に適用されるのか、それとも新婦（501-7*）に適用されるのか、もしくは両方に当てはまるのかを明確にしなければ、その意味は曖昧である。特別にそう明示されていなければ、初婚は通常未婚男子（515-3）と未婚女子（515-4）との間の結婚を指す。
備考：再婚remarriage (名)； 再婚するremarry（動）； 再婚のremarried（形）。"
,5,515,"人口は配偶関係1によって異なる集団に区分される。未婚2者、つまり未婚男子3と未婚女子4は、一度も結婚したことがない人を指す。彼らはまた未婚2層とも呼ばれる。有配偶者5、つまり有配偶男子6と有配偶女子7は結婚しており、そしてその婚姻が解消して（513-3）いない人たちを指す。未婚者を除いた残りの人口をまとめて既婚者8と呼ぶ。
備考：同義語に独身celibacy（名）という用語がある。形容詞は独身のcelibateであり、未婚の状態を指す。"
,5,520,"相対的婚姻頻度は婚姻率1によって測られる。この中で粗婚姻率2は、ある期間における全婚姻数の総人口に対する比によって表される。男子婚姻率3と女子婚姻率4はしばしば異なり、したがってこれらは別個に研究することができる。男子婚姻率3および女子婚姻率4という用語は、それぞれ男女別の婚姻頻度を示すために用いられる。男女別婚姻率5は、適切と考えられる男女別人口を分母として算出することができる。初婚率6とは結婚しようとしている未婚男子（515-3）と未婚女子（515-4）の男女別未婚者数に対する比によって示されるが、これは、全再婚者数の全離・死別者数に対する比により示される再婚率7とは区別される。婚姻が婚姻年齢8によって分類されている場合、夫および妻の年齢もしくは年齢階級別に同様の率が算出できる。このような率は年齢別婚姻率9と呼ばれる。また、配偶者（夫妻）を結婚年齢によって分類することにより、その年次もしくは期間における平均婚姻年齢10を算出することできる。 配偶者間の年齢差11は、配偶者同士の年齢の組合せ12を分類することにより分析することができる。
備考：粗婚姻率は、婚姻者数の総人口に対する比によって表されることもある。 婚姻頻度marriage frequenciesおよび初婚頻度first marriage frequenciesは、時にはある年齢における婚姻数もしくは初婚数の、その年齢の（配偶者関係にかかわらない）総人口数に対する比によって示されることもある。累積婚姻頻度cumulated marriage frequenciesおよび累積初婚頻度cumulated first marriage frequenciesはコウホート分析に用いられる。"
,5,521,ある世代の（男女）人口において婚姻がどのくらい行われているかを示す尺度は、生涯未婚率1によって測られる。これは通常、初婚が稀になり始める年齢（たとえば50歳）において未婚残存割合2に相当する。コウホートの各年齢における未婚残存割合は、初婚確率3、すなわち死亡率をゼロと仮定した場合、誕生日時点の年齢ｘ歳に未婚であった者の中で誕生日時点の年齢（ｘ＋1）歳になる以前に結婚する者の割合、を計算することにより得ることができる。しかしながら実際上、未婚残存割合は人口センサス・データの各コウホートにおける年齢別未婚者割合4を用いることが多い。配偶者双方の年齢により初婚が分類されている場合、初婚年齢の平均値5、初婚年齢の中位値6、および初婚年齢の最頻値7がそれぞれ算出される。結婚のタイミングに関するデータが得られない場合には、人口センサスの年齢別未婚者割合から静態平均初婚年齢8、略してＳＭＡＭ（訳注）が大抵の場合算出可能である。（訳注）これは人口動態統計などから得られる、実際の婚姻時の年齢データに基づいて算出される平均初婚年齢とは異なる。人口動態統計から得られる平均初婚年齢は、年齢構成の違いを考慮していない。
,5,522,初婚表1は通常の生命表の考え方を応用し、様々な結婚の関数を組み合わせることにより作成される。粗初婚表1は、死亡率をゼロと仮定し、ある時点において実際に観察された年齢別婚姻率にしたがって結婚が起きたと仮定した場合、一定規模のコウホートが経験する年齢別の初婚確率（521-3）、未婚残存割合（521-2）および初婚数2を示す。粗初婚表はまた、各年齢における未婚残存者数3も示す。一方、純初婚表4は結婚だけでなく死亡の影響も考慮しており、したがってこれは二要因減少表（153-4）の一種であるといえる。純初婚表は未婚生存者数5、既婚生存者数6、未婚生存確率7、平均未婚余命8を示す。
,5,523,"離婚率1は様々な方法で算出することができる。粗離婚率2は、ある一定期間における平均人口総数に対する離婚数の比率である。離婚数の結婚しているカップル（夫婦）数に対する比率も算出されることがあり、それは有配偶離婚率3と呼ばれる。もし離婚数が離別者の年齢別および結婚持続期間別に分類されている場合には、年齢別離婚率4および結婚持続期間別離婚率5が算出できる。また、離婚頻度の指標は、婚姻当たりの離婚数6を計算することによっても得られる。
備考：これはある年次における離婚数の、その年の婚姻数に対する、もしくは数年間の婚姻数の加重平均に対する比率として計算された期間指標である。コウホート分析では、連続した数年間における離婚指数を期首の結婚コウホートの規模に対比させることにより、累積離婚割合cumulated proportion divorcedを算出することが可能である。"
,5,524,もし必要な基本的統計データが得られれば、婚姻解消確率1を計算することができる。これは、死亡もしくは離婚による婚姻の解消の結婚持続期間2別確率を男女別に示しており、したがって、婚姻解消表は二要因減少表の応用であるといえる。死別者および離別者に対する再婚表も計算することができる。しかし最も一般的な再婚の指標は、相対的再婚頻度3、つまり再婚をする離・死別者の割合であり、これはしばしば離・死別時の年齢別、または離・死別時と再婚時の間の期間別に算出される。また、この後者のデータを用いることにより、死別再婚平均期間4および離別再婚平均期間5を算出することもできる。
,6,601,"出生力1の人口学的研究が扱うのは出産2または再生産2に関連した現象である。出生力の英語としてはfertility に代えて出生力1natalityが用いられる場合がある。これらの用語は、人口ならびに部分人口における出産3、厳密にいえば出生4の発生頻度を表す。出産は子供を産む過程である。出生または生きて生まれてきた子供5の出産は、母体から完全に分離した後に子供が示す生命の徴候、たとえば呼吸、随意筋の動き、心臓の鼓動によって後期胎児死亡（411-5参照）とは区別される。かつて全出産数から後期胎児死亡数を除いた数を示すために用いられた有効出生力6という用語は、乳児ないし子供の死亡が起こらないと仮定した場合の出生力の意味で用いられるべきである。出生力格差8（または差別出生力8）は部分人口間の出生力の差を表す。
備考：人口学における出生力fertilityの意味については§623も参照せよ。 再生産reproduction（名）；再生産するreproduce（動）；再生産のreproductive（形）。再生産という用語は、生殖procreation の過程というよりも（§711に記す通り）出生と死亡のバランスを表すことが多い。 出産birthという用語は今では出生を意味するのが普通。 生きて生まれてきたlive-born（形）は出生（生きて生まれてきた乳児）の意味で名詞としても用いられる。"
,6,602,"受胎1は、精子4による卵子3の受精2の結果であり、妊婦の妊娠状態5あるいは妊娠期間5の開始を指す。受胎の成果6は妊娠経過と共に、順次、胚7、胎児7と呼ばれる。胚が胎児になる瞬間ははっきりとは決まっていない。一部の学者はそれを、子宮内の生命の12週目または3ヶ月目の最後と決めているが、受胎後8週目以後の生命の発達段階も胎児状態と呼ばれることが多い。卵着床8とは子宮9の内膜に卵子が着床することを指すが、この過程は受精後数日で起こる。
備考：受胎conception（名）；受胎するconceive（動）。 受精fertilization（名）；受精するfertilize（動）。人工受精artificial fertilization：人工授精artificial insemination、すなわち性交渉（性行為）（627-2）とは別の過程で達成された受精。 受精卵は卵子eggまたは接合子（融合子）zygoteと呼ばれる。 妊娠pregnancy（名）；妊娠したpregnant（形）：あるいはgravid, expectant。一部の学者は、妊娠は卵子着床（602-8）をもって始まると考える。 胚embryo（名）；胎生のembryonic（形）；胎生学embryology（名）：胚の発達を扱う学問。胎児foetus, fetus（名）；胎児のfoetal, fetal（形）（§411参照）。 子宮uterus（名）；子宮のuterine（形）。"
,6,603,"胎児は妊娠の一時期までは生存不能2、その後は生存可能1といわれる。その区分は、胎児が母体外でも独立に生存しうる時、通常は妊娠継続期間3が28週間を超えた時に起こる。妊娠がこれ以上長く続いた時、（生きている、あるいは死んだ）胎児の娩出は出産4の際に起こる。また早期胎児死亡と結びついた早期の娩出を妊娠中絶5（§604参照）と呼ぶ。出産後約6週間（これは子宮が正常の大きさを取り戻す期間であり、妊娠の確率が低い時期であるが）は産褥期6と呼ばれる。
備考：生存可能なviable（形）；生存可能性viability（名）。 生存可能性を決める最短期間は国によって様々で20～28週の間にあるが、世界保健機構（WHO）は28週を基準期間とするよう勧告している。一般に、妊娠期間は最後の月経last mensesの開始から計算される。これは、受胎の瞬間から計算される真の妊娠継続期間true duration of pregnancyと区別して、慣用的妊娠継続期間conventional duration of pregnancyといわれる。 胎児の娩出の実際の過程は分娩delivery, parturitionと呼ばれるが、それは陣痛laborの終了を意味する。出産confinementはこれに加えて胎盤placentaの分離または排出（あるいは後産afterbirth）を含む。 妊娠中絶abortion（名）：妊娠中絶するabort（動）；流産を起こすabortifacient（形、名としても使われる）；中絶医abortionist（名）：人工妊娠中絶を実行する医師。日常的には、中絶という語は自然妊娠中絶（604-1）の対概念として人工妊娠中絶（604-2）の意味で用いられることが多い。 産褥puerperium（名）；産褥のpuerperal（形）（424-4参照）。"
,6,604,"母体からの分離以前に起こる胎児の非人工的子宮内死亡に続く妊娠中絶は[*NoteTerm!!自然妊娠中絶*]1または流産1と呼ばれ、意図的妊娠中絶2または人工妊娠中絶2に対比される。治療的妊娠中絶3は医療上の理由によって行われる中絶である。国によって健康上あるいはその他の理由で妊娠中絶を法律で認めている。そのようなケースは合法的中絶4と呼ばれる。法律に反して人工的に行われる妊娠中絶は非合法中絶5または違法中絶5と呼ばれる。用いられる技術で中絶を分けると、キュレット掻爬による中絶6、吸引掻爬による中絶7、頸管拡張・排出法7、子宮切開による中絶8、分娩誘導法による中絶9がある。
備考：頸管拡張・キュレット掻爬術abortions by dilatation and curettage（D&Ｃ）とも呼ばれる。 吸引掻爬abortions by suctionとも呼ばれる。妊娠のごく早い時期にこの方法が用いられる場合には、月経調節menstrual regulation あるいは月経吸引menstrual extractionという用語が当てられる。 この方法は、食塩水注入による中絶abortion by saline injectionあるいはプロスタグランディンの注射による中絶abortion by the use of prostaglandinsの場合のように、羊水交換amniotic fluid exchangeを伴なう。"
,6,605,慣用的妊娠継続期間（603-3*）で測って少なくとも37週を経た分娩は満期分娩1である。正常期間に満たずに終わる妊娠は早産2または早期出産2と呼ばれ、このような出産による子供を早産児4と呼ぶ。早期でない出生は正期産3または満期出産3と呼ばれる。月足らずの出産5は早産に関わる現象を指す用語として用いられる。多くの国で、妊娠継続期間の推定によらず、発達段階によって出生を分類することが行われている。この分類法では出生時の体重6が2500グラム（5.5ポンド）以下の出生児は未熟8（そのような出生児は未熟児）といわれる。未熟7は弱質9、すなわち異常な弱さと結びつくことが多い。
,6,606,"ほとんどの出産は単産1であるが、時には複産2が起こる。同一の出産で生まれる2人の子供は双生児3と呼ばれ、それは一卵性双生児4と二卵性双生児5に分けられる。一卵性複産は一つの卵子が受精後に分割されて生ずる。その結果生まれる子供は必ず同一の性でなければならない。二卵性複産は二つまたはそれ以上の卵子の同時受精によって起こるもので、その結果生まれる子供たちは異なった性を持ちうる。
備考：英国の公式用語では、1人またはそれ以上の子供の出生に帰結する分娩を表すために母性maternityという用語が用いられ、妊産婦1人当たりの出生数births per maternityが計算される。 複産が3人の子供である場合には三つ児tripletsと呼ばれ、4人の場合は四つ児quadruplets、5人の場合は五つ児quintupletsと呼ばれる。双生児、三つ児、等は分娩の際の出産総数で数えるのが一般的であるが、時には複産を出生児数（生きて生まれてきた子供数）に限って分類する場合もある。"
,6,610,"出生は嫡出か否か1によっても分類される。厳密にいえば、嫡出子2とは父と母が妊娠時に結婚していた子供と定義できよう。しかしながら実際には、その分類は出生時における、または婚姻の解消（510-3）後であれば妊娠時における、母親の配偶関係しだいである。有配偶の母による出生は嫡出出生3、他の出生は非嫡出出生4である。婚前妊娠5（すなわち、結婚前に起こる妊娠）から生まれた子供も、両親が出生時に結婚していれば嫡出子とみなすのが一般的慣行である。非嫡出出生児6あるいは婚外出生児6は両親がその後結婚して嫡出子とされる8かもしれない。嫡出子化（訳注）9とは、非嫡出子に嫡出子の持つすべてまたは一部の法的権利を与えることであるが、その手続きは国によって異なる。一部の国の法制度の下では、父親が非嫡出子を認知7すること、すなわち自分が子供の父親であることを法律上認めることが可能である。
備考：これと関連して花嫁妊娠bridal pregnanciesという用語も使われる。 法律用語としての私生児bastardは侮辱的意味あいを持つようになったが、時に歴史人口学者により使われる。一部の国の法律によれば、姦通adulterous relations あるいは婚外関係extra-marital relations、すなわち有配偶の女子と、その夫とは別の男性との関係から生まれた子供は非嫡出子となるが、そのような出生がすべて非嫡出子と登録されるわけではない。（訳注）日本の民法では、“準正”と呼ばれる。"
,6,611,"出生は出生順位1、たとえば第1子（長子）、第2子、等によっても分類される。出生順位は普通、母親のこれまでのすべての出生3を考慮して決められるが、時には現在の結婚における出生2だけを考慮する場合もある。出生順位は一般に出生（生きて生まれてきた子供）だけに基づいて決められるが、時には後期胎児死亡を含む場合もある。女性を出産順位4で分類する場合も出生の場合と同様であり、28週以上継続したすべての妊娠による出産を数えるが、その際複産は一回の分娩（603-4参照）とみなす。同様にして、妊娠順位5による分類は経験したすべての妊娠を数えて行われる。医学用語では、一度も妊娠したことのない女性は未妊婦6と呼ばれる。また初めて妊娠した女性、ならびに以前に妊娠したことのある女性に対して各々、初妊婦7と経妊婦8の語が用いられる。女性をパリティ9により分類することもある。パリティは出生児の数に基づくのが普通であるが、生物学の文献では分娩の数による。一度も分娩を経験したことのない女性は未産婦10と呼ばれる。同様に、初めて分娩を経験した女性は初産婦11と呼ばれ、その後の分娩においては経産婦12となる。
備考：より高順位の出生higher order birthsというのは最後に特定された順位の出生よりも高次の、ひとまとめに括った順位の出生であり、“第5順位ならびにより高順位の出生”のように用いられる。 一度も出産経験のない女性はパリティ0の女性zero-parity woman、1人しか出産経験のない女性はパリティ1の女性one-parity woman、等と呼ばれる。"
,6,612,"出生のタイミング1の研究は出生間隔2の長さを扱う。それは結婚と第1出生の間隔3および各出生間の間隔4から成る。ある出生と特定期日、たとえばセンサス（202-1*）または調査（203-4）の実施期日との間隔は開放出生間隔5と呼ばれる。その調査期日をはさんで、それ以前の出生とそれ以後の出生との間隔はまたがり間隔6と呼ばれる。出生タイミングの研究には、結婚とＮ番目の出生との間隔7が用いられることもある。
備考：出生間隔調節birth spacingは、（英語では）時には出生タイミングと同じ意味で使われることもあるが、普通は出生を遅らせるための夫婦の意図的努力を指すために用いられる。 第1出生間隔first birth intervalとも呼ばれる。第2出生間隔second birth intervalは第1子出生と第2子出生の間隔を指す。以下同様。 人口センサスまたは調査に記録された各回の出生間の間隔は閉鎖出生間隔closed birth intervalと呼ばれる。"
,6,613,受胎リスクの生ずる1期間を計算するには、妊娠間隔2を考慮する必要がある。結婚と第1妊娠の間隔は受胎遅発3または第1妊娠間隔3である。ある妊娠の終わりと次の妊娠の始まりの間の期間は妊娠間隔4である。そこから女性が性交渉を持たない時間を差し引けば純妊娠間隔5が得られる。最後の妊娠の終了と調査実施期日の間の開放妊娠間隔6である。
,6,620,"再生産期間1（あるいは女性の出産可能期間1）は思春期2に始まる。月経3、つまり女子の生理4もしくはメンス4の現れもまた思春期に始まる。最初の月経は初潮5と呼ばれる。月経は閉経6で終わるが、それは時に月経閉止期6とも呼ばれる。実際には、再生産期間は慣用的に15歳あるいは最低結婚年齢（504-1）に始まり、45ないし50歳で終わるものとされることが多い。月経が一時的に止まることがあるが、それは、正常であれ異常であれ無月経7と呼ばれる。妊娠に伴う無月経8は受胎後に起こり、分娩後の無月経9は分娩後に起こる。
備考：再生産年齢reproductive agesあるいは妊孕可能年齢fecund agesという用語が使われることもある。 月経menstruation（名）；月経が通じるmenstruate（動）；月経のmenstrual（形）。 閉経menopause（名）；閉経のmenopausal（形）。英米の日常用語では、人生の変化change of lifeといった表現が閉経の意で用いられる（訳注）。（訳注）日本の場合には“女でなくなった”などの言い回しがこれに当たる。"
,6,621,"男性、女性あるいは夫婦（訳注）が子供を産む能力を妊孕力1と呼ぶ。この能力が欠如していることを不妊2ともいう。受胎能力の欠如3は不妊の主要な原因だが唯一のものではない。不妊という用語を単独で使えば普通不可逆的意味合いを伴うが、時には、一時的不妊5と永久不妊7を区別することがある。一度も子供を産むことができなかった女性を原発性不妊8、1人以上の子供を生んだ後生めなくなった女性を続発性不妊9として区別する。
備考：妊孕力fecundity（名）；妊孕可能のfecund（形）。この用語は出生児を生む能力ではなく受胎能力の意味で使われることもある。低妊孕力sub-fecundityならびに妊孕力の低いsub-fecundは出生児を生む能力が正常以下のこと、あるいは受胎確率が低いことを表す。 不妊sterility, infecundity（名）；不妊のsterile, infecund（形）。（訳注）以下のこの章の“夫婦”の原語はcouplesであり、これは夫婦よりも広い意味を持つが、カップルは日本語としては必ずしも定着していないのでここではすべて夫婦と訳した。couplesの正確な定義については第5章503-8を参照のこと。"
,6,622,"一時的不妊（621-5）という用語は、女性の受胎不能が生理的条件の結果ではない場合でも使われる。一般に受胎は排卵3時前後の2～3日間にのみ起こるから、女性は各月経周期2の一時期に不妊の期間1を持つともいえる。受胎（602-1）から分娩後の排卵再開までの不妊の期間は、特に数理的再生産モデルにおいては妊娠不能期間5と呼ばれるが、これは妊娠状態（602-5）の時期を含むとともに、産後の母乳哺育4の継続期間によっても左右される。一時的不妊は、無排卵周期6（すなわち、排卵が起こらない月経周期）の発生あるいは無月経の異常な時期を指して使われることもある。非常に若い女性の低妊孕力7は普通、思春期不妊8と呼ばれるが、思春期低妊孕力8と呼ぶほうが望ましいであろう。
備考：分娩と排卵の再開との間の期間は、分娩後不妊postpartum sterility期間と呼ばれる。 anovular cyclesともいわれる。"
,6,623,"出生力1ならびに無出生2は、再生産の能力よりもその実績、すなわち観察期間において実際に出生があったかどうか表す。永久無出生4は、一定の年齢または結婚期間から再生産期間の終わりまでにまたがる無出生である。多くのラテン系の用語では、fertility（出生力）とfecundity（妊孕力）の類似語が英語とは全く正反対の意味で使われていることに注意すべきである。フランス語のféconditéとスペイン語のfecundidadは出生力（fertility）, fertilitéとfertilidadは妊孕力（fecondity）と訳すのが適切である。
備考：出生力fertility（名）；子供を生んだことがあるfertile（形）。 無出生infertility（名）；子供を生んだことがないinfertile（形）。無子childlessness（名）；無子のchildless（形）：女性、男性、または夫婦が無出生の状態を指す。"
,6,624,"夫婦の出生力（623-1）はその再生産行動1いかんである。夫婦は、計画者2、すなわち出生児数ならびに出生間隔（612-1*）を調節しようと努力する夫婦と、非計画者3、すなわちそのような努力をしない夫婦とに分けられる。家族計画4は、希望子供数5を超えないように努力を表す家族規模制限4よりも広い意味を持つ。出生抑制（または産児制限、産児調節）6あるいは出生調節6は結婚している者の活動に限られない。
備考：家族計画の有無family planning satusによって夫婦を分類すれば、子供の数と出産間隔を調節しようとする夫婦と、調節しようとしない夫婦に分けられる。 希望しない出生unwanted birthsまたは予定外出生unintended birthsは、夫婦が希望する子供数に到達した後に起こった出生である。これは、意図しない時期、および恐らく婚外関係で起こった計画外出生unplanned birthsとは区別される。"
,6,625,"家族計画は、計画出産1あるいは責任のある出産1ともいわれ、各夫婦あるいは社会の最適の利害に従って出生数ならびに出生間隔を決めるという考え方を意味する。夫婦が予期する子供数は、調査において夫婦が表明する希望子供数2あるいは予定子供数2とは異なるかもしれない。夫婦が自分達の目標とする子供数を修正しないとしても、避妊の失敗3の結果としてそれを超えてしまう可能性があるからである。その避妊の失敗の頻度は避妊の有効性4にかかっているが、これには二つの測定方法がある。一つは理論的有効性5あるいは生理学的有効性5であり、指示に従ってある方法を常時使用した場合の（その方法の）信頼性を表す。もう一つは実際使用有効性6であり、任意の人口がその方法を普段の実際的状況で使用した場合の信頼性によって測定される。残余受胎能力（638-7）の考え方に立てば、実際使用有効性は、避妊失敗率7、すなわち受胎リスクの生ずる期間における予定外受胎数によって測定される。 4，5，6.[*NoteTerm!!効率*]efficacyは、ここで用いられている[*NoteTerm!!有効性*]effectivenessと同義語である。
備考：出生予想birth expectationsは再生産予定reproductive intentionsとは異なる、という言い方もできる。また希望子供数desired family size、すなわち個人または夫婦が（自分たちにとって）持ちたいと望む子供数と、彼（女）等が社会にとって望ましいと考える子供数である理想子供数ideal family sizeとは区別される。予定子供数intended family sizeは希望子供数よりも小さいかも知れない。 計画外出生unplanned birthsは計画出生planned birthsの対概念として用いられることが多い。 家族計画プログラム、もしくはある人口におけるある避妊方法の人口学的有効性demographic effectiveness（626-7参照）と混同してはならい。"
,6,626,"家族計画プログラム1の目的は潜在的利用者2グループあるいはプログラム対象人口2に出生抑制（または産児制限、産児調節）を導入し普及することである。調査員3、普及員3、配布員3を含むフィールドワーカー3のチームは人々に接触し、避妊あるいは中絶を利用するよう説得する努力を行う。プログラムの成功はプログラム対象人口における新規受容者割合4あるいは受容率4により測定される。避妊受容者については、一定時間経過後の避妊継続率5、避妊終了率6あるいは避妊放棄率6が算出されることもある。回避された出生7の数ならびに割合の推定値は家族計画プログラムの人口学的有効性（652-4*）の尺度である。ある人口における避妊の普及率は、対象母集団、たとえば再生産年齢の有配偶女子人口の避妊現在実行率8によって測られる。
備考：避妊についての知識・態度・実行に関する調査surveys of knowledge, attitude and practice は簡略化してKAP調査 KAP surveysと呼ばれてきた。"
,6,627,"避妊1は性交渉（性行為）2が受胎につながらないようにする手段で、その中には避妊のための不妊手術（631-1）を含む。出生抑制方法（産児調節法）3は避妊方法3よりも広い意味で用いられ、人工妊娠中絶（604-2）をも含む。（性交）禁欲4、とりわけ定期禁欲（628-4）は避妊あるいは出生抑制方法に含まれることが多い。
備考：避妊contraception（名）；避妊実行者contraceptor（名）：避妊を実行する人。避妊のためのcontraceptive（形）：避妊のために用いられる。 禁欲abstinence（名）；禁欲するabstain（動）。"
,6,628,"避妊の方法は器具・薬物を用いる方法1と、器具・薬物を用いない方法2とに区別されることが多い。器具・薬物を用いない避妊方法の主なものの一つは性交中絶法（または膣外射精法）3である。もう一つの方法は定期禁欲4あるいはリズム法4であるが、これは女性が妊娠すると思われる期間の性交を避け、月経周期の中のいわゆる安全期5にのみ性交を行う方法である。基礎体温法6は、自らの安全期を確かめるために女性が毎日体温を測る方法である。
備考：器具・薬物を用いる方法には精子と卵子の結合を妨げるために用いられるバリアー法barrier methodばかりでなく、たとえば子宮内避妊器具（629-10）のような他の避妊器具contraceptive devicesを用いる方法、経口避妊薬（ピル）（630-4）のような避妊方法contraceptivesも含まれる。 自然家族計画法natural family planning methodsという用語は、リズム法、基礎体温法、ならびに女性の排卵周期の各段階を確認しようと試みるも他のすべての方法を総称して用いられる。"
,6,629,バリアー法は、（普通には）単独で、あるいは併用の形で用いられ、そこには男性が用いるコンドーム1、ならびに女性が用いる子宮頸管キャップ2またはペッサリー2、ダイアフラム3、タンポン4またはスポンジ4、避妊用ゼリー5、座薬6、泡沫錠剤7、および注水法8（殺精子剤9を含むものと含まないものがある）が含まれる。子宮内避妊器具10（IUDと略される）にはループ10、コイル10、銅付加IUDT型10等、様々なタイプがある。
,6,630,経口避妊薬1はホルモン避妊2またはステロイドによる避妊3の方法であり、経口避妊薬（ピル）4の規則的服用、あるいは注射または埋め込みによって排卵を抑える。
,6,631,不妊手術1は種々の外科的措置によるものであり、男性については精管の結紮ならびに切除を行う精管切除術（パイプカット）2、女性については輸卵管の機能を止める卵管結紮4、卵管切除5がある。子宮摘出術6も女性の不妊化を伴う。4，5.輸卵管に接近するために[*NoteTerm!!開腹法*]laparotomy、[*NoteTerm!!経膣法*]colpotomy、または[*NoteTerm!!腹腔鏡検査法*]laparoscopy法など様々な方法が用いられる。
,6,632,一般的用語としての出生率1は、ある人口または部分人口において一定期間に観察される出生数を、その期間のその人口または部分人口の規模に関係づけることによって計算される率を表す。この率は通常人口1000人当たりで表され、期間は1年が普通である。出生率という用語が限定詞なしで用いられる場合は粗出生率（普通出生率）2を指し、出生総数を総人口で割ることによって得られる。出生数に後期胎児死亡数を含めて総出産率3が計算されることがある。嫡出出生率4ならびに非嫡出出生率5は、それぞれ分子を嫡出出生ならびに非嫡出出生、分母を有配偶女子人口ならびに非有配偶女子人口に分けて計算される。ただし、非嫡出出生割合6、すなわち出生1000当たりの非嫡出出生数を使うことが多い。異なった人口の出生率を比較する目的で、人口構造（普通には性（男女）・年齢別構造）の違いが出生率に及ぼす影響を除去するために標準化出生率7がよく用いられる。婦人子供比率8は、再生産年齢、たとえば15～49歳の女子人口1000人当たりの0～4歳の子供人口として表されるのが普通で、信頼できる出生統計が入手できない場合の出生力指標として用いられる。 4，5.嫡出出生率ならびに非嫡出出生率の分母は、時に総人口を用いることもある。
,6,633,"特殊出生率1（訳注）は、出生率の分母を再生産年齢（620-1）にある男女どちらかの集団に限定する場合に用いられることが多い。この場合、分母は観察期間の年央人口であることが普通だが、その期間における集団の生存延年数あるいは集団の平均規模である場合もある。特に断らない限り、それは女子の集団について計算される女子出生率2である。ある一定期間に一定数の女子が経験する生存延年数は女子年数3と呼ばれる。同様の方法で男子出生率4が計算されることもある。特殊出生率は一般に（性、年齢、配偶関係、その他同一の属性をもつ人口）1000人当たり（133-4*参照）で表される。有配偶出生率5あるいは嫡出出生率5は嫡出出生（610-3）の総数を有配偶女子人口で除したものである。非有配偶出生率6あるいは非嫡出出生率6は非嫡出出生（610-4）の総数を未婚、離別、死別の女子人口で割ったものである。全体出生率7は、出生が嫡出か否か（610-1）あるいはその親の配偶関係を考慮しない。総出生率8は出生総数を、配偶関係のいかんに関わらずすべての再生産年齢の女子人口で除したものである。より狭い年齢幅（通常、1歳または5歳）で計算される率は年齢別出生率（または年齢別特殊出生率）9と呼ばれる。
備考：ここを含めて以後のパラグラフにおいても、出生率birth rate と特殊出生率fertility rateは多くの場合同義語的に用いられている。（訳注）ここでは訳語のうえで両者をはっきり区別するためにfertility rateを特殊出生率と訳した。 有配偶出生力marital fertilityあるいは嫡出出生力legitimate fertility：有配偶者の出生力（635-1を参照）。 非有配偶出生力non-marital fertilityあるいは非嫡出出生力illegitimate fertility： 非有配偶者の出生力。"
,6,634,出生順位別出生率1はある出生順位の出生数を女子人口、結婚数、あるいはもう一つ前の順位の出生数に関係づけたものである。パリティ別出生率2は、たとえば第1パリティの女性に対する第2子の率のように、分子を特定の出生順位の出生に限るだけでなく、分母をその出生順位の出生リスク（134-2）を持つパリティ（611-9）の女性に限定したものである。そのような率は年齢別あるいは結婚持続期間別に計算されるのが普通である。パリティ別出生確率3の場合、分子はある期間に起こる第（ｘ+1）出生順位の出生数、分母はその期間の期首におけるパリティｘの女子人口が用いられる。
,6,635,有配偶出生力1の研究に際しては、データを母の結婚コウホ-ト（116-2）別に整理することが可能であり、その場合、年齢別有配偶出生率3よりも結婚持続期間別出生率2が使われる場合が多い。
,6,636,"コウホ-ト出生力1は特定の出生コウホートあるいは結婚コウホ-ト（116-2）の再生産実績を表す。年齢別あるいは結婚持続期間別出生率を、コウホ-トの出生リスクの開始年齢からある一定年齢まで積み上げたものを累積出生率2と呼ぶ。完結出生力4あるいは生涯出生力4は、コウホ-トの全成員が再生産期間の最後に達した時の累積出生率である。コウホ-トの（年齢別）出生率とその年齢までの女子人口の生存確率との積和は、そのコウホ-トの累積純出生率5と呼ばれる。
備考：再生産期間が終わるまでは、コウホ-トの累積出生率は増加の可能性があるということを表す意味で、未完結出生力incomplete fertilityあるいは現時点までの出生力fertility to dateという用語が用いられる。"
,6,637,人口センサスならびに標本調査によって、調査対象の女性あるいは夫婦が、現在の結婚1で生んだか、あるいは調査時点までに生んだすべての出生児数に関する情報が得られる場合がある。（それにも基づいて）女子1人当たりの平均（既往）出生児数2あるいは平均パリティ2が計算できる。夫婦1組当たりの子供数は時に平均子供数3と呼ばれる。また結婚1組当たりの平均子供数4を計算することも可能である。完結出生力に達した結婚（または夫婦）5、すなわち結婚解消以前に妻が再生産期間の終わりに達した結婚（または夫婦）には特別の注意が払われる。最終パリティ6あるいは完結パリティ6、すなわち再生産年齢を過ぎた女性の平均子供数は完結出生力（636-4）とそれほど異ならない。最終パリティあるいは完結出生力を子供数別に集計すれば、一連のパリティ拡大率7が計算できる。これは、分母をn人の子供を持つ女子人口、分子をn+1人の子供を持つ女子人口にして計算したものである。特別の研究を行えば、家族形成8ならびに家族ライフサイクル8に関する情報が得られる。その場合、出生間隔（612-2）と完結出生力に達した女性の末子出産年齢10とが特に重要である。
,6,638,"出産歴1あるいは再生産歴1は、結婚、妊娠、出産、乳児死亡、等、ならびにそれらの発生年月日のような、個々の女性の再生産過程における重要事象を記録したものである。出生歴は標本調査において回顧的方法により調べられることが多い。歴史人口学（102-1）で用いられる家族復元用紙1は、人口動態記録（211-3）に基づく家族復元2によって夫婦と子供を関係づけたものである。女性の妊娠歴3あるいは妊娠記録3には、各妊娠の開始時点、妊娠の結果等、妊娠に関する詳細な情報が含まれる。このような出生タイミングに関する詳細な記録は様々な目的に使われる。たとえば、それは自然出生力4、すなわち家族規模制限（624-4）が行われていない状態における出生力に関する情報を与えることができる。それはまた受胎能力5、すなわち一月経周期（622-2）当たりの受胎確率の推定にも用いられる。さらに、避妊を行わない場合の自然受胎能力6と避妊を行った場合の残余受胎能力7とを区別することもできる。有効受胎能力8は、出生に帰結した受胎だけで測られる。避妊実行期間の避妊の有効性を測定するためには、受胎リスクの生ずる（613-1）期間における受胎率9が用いられる。
備考：出生歴birth historiesは通常、出生（生きて生まれてきた子供）に限られる。 一語で使う場合、受胎能力は自然受胎能力を表す。"
,6,639,"合計出生率（合計特殊出生率）4（訳注）は期間出生力1の要約指標である。すなわち、それは特定年または期間の出生力であって、出生スケジュール2を構成する年齢別出生率を合計して得られるものであり、合成的出生力尺度3を表す。他の要約的期間出生力指標としては、結婚持続期間別出生率の合計値である合計嫡出出生率5、年齢別出生順位別出生率の合計値である順位別合計出生率6がある。ある年の出生数をその年の結婚数、あるいはその年も含めてそれ以前の結婚数の加重平均値で割ることによって、出生結婚比7が得られる。
備考：出生分布fertility distribution、出生関数fertility functionともいう。 これは（133-4）の意味における率ではない。ある年の合計出生率は、1000人の女性が死亡を経験せず、その年に観察された年齢別出生率に従うとの仮定の下で（生涯に）生むであろう子供の数を表す。かつては、合計出生率に出生総数に占める女児割合を乗じて得られる期間総再生産率period gross reproduction rate（711-4参照）が用いられることが多かったが、現在は、期間出生力の要約指標としては合計出生率が使われることが多い。（訳注）かつては粗再生産率とも訳された。最近では合計特殊出生率が広く普及しているが、本辞典では“特殊”は必ずしも必要であるとは考えず、合計出生率を第一義訳とした。 合計有配偶出生率total marital fertilityともいう。この用語は、20歳以上の年齢別有配偶出生率の合計値を表すものとしても用いられる。"
,6,640,人工妊娠中絶（604-2）が合法化されている国では、合法的中絶（604-4）に関する統計を集計することが可能である。人工妊娠中絶率1とは、ある人口において一定期間（通常は1年間）に発生する人工妊娠中絶の頻度を表す。この場合、中絶を総人口あるいは再生産年齢の女子人口に関係づけることもあれば、年齢、パリティ、その他の属性別に計算することもある。人工妊娠中絶比2は同一期間の出生（601-4）の数で中絶数を除したものである。生涯中絶率3（または[*NoteTerm!!合計中絶率*]）は年齢別中絶率の合計値であり、女子1000人当たりの合成中絶指標である。
,7,701,"出生、死亡、移動の相互作用によって、人口増加（成長）1が決められる。人口減少2は負の増加3とみなすと便利である。（人口増加要因との関連で）人口は封鎖人口4と開放人口5に区別できる。前者は、流入・流出のいずれの移動もなく人口増加が出生と死亡との差に全面的に依存しているのに対して、後者の場合には移動が存在する。開放人口の増加は、移動の差6あるいは純移動6、および自然増加7から成る。この自然増加は、出生の死亡に対する超過8のことであり、時には出生数と死亡数との差8とも呼ばれる。
備考：人口ゼロ成長zero population growthという用語は、大きさが変わらない人口を意味する。"
,7,702,"所与の期間の平均人口に対するその期間の増加総数の比率は、増加率1と呼ばれる。この率は、時には平均人口よりはむしろ期首人口を分母として計算される。歴年で1年以上の期間の人口増加を問題とする場合、年平均増加率2が計算される。この率を計算する際には、その期間内の人口は指数関数的増加3によるものと仮定され、また時間は連続的変数として扱われる。この指数関数的人口4の規模は、時間の指数関数として増加する。指数関数的増加率5は瞬間増加率5に等しい。ある期間の平均人口に対する自然増加（701-7）の比率は、粗自然増加率6と呼ばれ、粗出生率と粗死亡率の差に等しい。生命指標7は、ある期間の死亡数に対する出生数の比率のことであるが、この尺度は現在ではあまり使われていない。
備考：時間を不連続変数として扱う場合には、幾何級数的増加geometric growthといわれる。 これは、時にマルサス的人口Malthusian populationと呼ばれる。しかし、その社会学的含意（906-1を参照）を考えると、この用語は曖昧である。"
,7,703,"封鎖人口（701-4）が、十分長期間にわたって一定の年齢別出生率と年齢別死亡率（633-9；414-1）に従う場合は、その年平均増加率は一定になることが分かっている。この一定の増加率は安定人口増加率（または真性自然増加率）1と呼ばれ、またこの段階に達した人口は安定人口2と呼ばれる。安定人口においては、各年齢階級の人口割合は一定である。すなわち、この人口は、安定的年齢分布3を持つ。この安定的年齢分布は、初期の年齢分布4とは関係なく、一定に保たれた年齢別出生率と死亡率にのみ依存している。現実には年齢別出生率と死亡率は不断に変化するもので、実際の人口が厳密な意味で安定状態に達することは決してない。しかし、一つのモデルとしての安定人口とその真性率を計算すると、ある年齢別出生率の下における潜在成長力5の指標が得られるであろう。安定人口増加率がゼロの安定人口は定常（静止）人口6（433-3*）と呼ばれる。定常（静止）人口においては、所与の年齢階級の人口規模は、生命表の生存関数（432-3）を年齢階級の上限から下限までを積分したものに、全年齢階級に共通する一定の数（たとえば100,000）を乗じたものに等しい。準安定人口7とは、安定状態から出発して、一定の年齢別出生率と徐々に変化する年齢別死亡率によって変化しつつある人口である。ロジスティック型人口9とは、ロジスティック法則10にしたがって増加する人口のことである。それは、増加率がすでに生存している人口の線形関数として減少すると共に、上限に向かって漸近的に増加する人口のことである。
備考：真性率はintrinsic rateは、これを発見したロトカLotkaによって安定人口増加率（真性自然増加率）true rate of natural increase とも呼ばれるが、真性出生率intrinsic birth rate（もしくは安定人口出生率stable birth rate）と真性死亡率intrinsic death rate（もしくは安定人口死亡率stable death rate）の差に等しい。 安定的stable（形）；安定性stability（名）；安定する stabilize（動）。安定人口分析stable population analysisとは、安定人口モデルの特性を用いて、実際の様々な特徴を推定することである。 定常的（静止的）stationary （形）；定常（静止）性stationarity（名）。"
,7,710,"再生産1もしくは人口置換1の研究は、人口が自らの数を置き換えていく自然的過程に関するものである。総再生産3および総置換3と、純再生産4および純置換4との違いは、前者が再生産期間（620-1）が終わるまでの死亡を考慮していないのに対して、後者はそれを考慮している点にある。
備考：再生産力reproductivityともいう。再生産の別の意味に関しては、601-2を参照されたい。"
,7,711,こうした再生産の研究においては、置換率1あるいは再生産率1など、数多くの指標が用いられる。再生産率とは通常、女子再生産率2あるいは[*NoteTerm!!母性再生産率*]のことである。女子の純再生産率3は、ある仮説女子出生コウホート（116-2）が現行の年齢別出生率（633-9）と死亡率（401-2）に従った場合の平均生存女児数と定義される。女子の総再生産率4は、再生産年齢が終わるまでの死亡がゼロであるという仮定の下で、同じように計算される。男子再生産率5、あるいは父性再生産率5は、男児出生数と男子の出生コウホートを用いて同じように計算される。また両性を考慮に入れた場合のある種の両性再生産率6が提唱されている。再生産率を計算する際に、実際のコウホートの経験を用いると、コウホート再生産率7あるいは世代再生産率7が求められる。これらの率を計算する際に用いられる年齢別死亡率と出生率は、異なった時点に関して得られたものである。年齢別出生率に関する統計が利用できない場合は、いわゆる置換指数8が用いられる。この指数は、所与の年齢（一般には0～4歳）の乳幼児人口を実際人口における出産可能年齢の女子人口で割った商を、これに相当する定常（静止）人口（703-6）から得られた商で割ったものである。
,7,712,その他の置換指数も、また計算されている。たとえば、純再生産率は、時に嫡出部分1と非嫡出部分2とに分けられる。さらに、婚姻内再生産率3も計算されているが、これは現行の死亡率、出生率、婚姻率、結婚解消率が不変であるとした場合、新たに生まれた女児が生むことになる嫡出女児の数を示している。これらの率は女子に関するものであるが、同じような率を男子について計算することも可能である。
,7,713,"純再生産率（711-3）と安定人口増加率（真性自然増加率）（703-1）とは、互いに密接に関係している。純再生産率は、平均世代間隔1に相当する期間にわたって一定と仮定された年齢別出生率がもたらす、安定人口（703-2）の増加を測定するものである。女子の一世代の長さは、現行の年齢別出生率と死亡率の下で女児を生んだ母親の平均年齢2に等しい。期間再生産率は、仮説コウホート3もしくは合成コウホート3についての現時点に関する（再生産の）指標（152参照）である。
備考：平均出生年齢mean age of fertility、すなわち年齢別出生率のスケジュールから計算される平均年齢は、平均世代間隔の近似値にすぎない。男子の平均世代間隔は同じように、子供が生まれた時の父親の平均年齢mean age of fathersに等しい。"
,7,720,"将来人口推計1は、人口変動の将来の変動過程について、通常は出生、死亡、移動について何らかの仮説を設けて、人口の将来の変化を明らかにする一連の計算である。一般に、これらは純粋に形式的な計算であり、これによって設定された仮定の持つ意味が明らかになる。これに対して人口予測2とは、推計に一連の仮定を現実的に組み立てて、将来起こる可能性の高い人口動向を示す推計である。推計期間3は一定ではないが、短期的予測4が一般的である。というのも、予測期間が長くなるにつれて、予測に伴う誤差が著しく増大するからである。最もよく用いられる推計方法は、要因法5あるいはコウホート要因法5である。これは、出生、死亡、移動を別々に考慮しつつ、基準時6の性・年齢別人口をコウホートごとに時間に沿って変化させていく方法である。要因法による人口推計に行列が用いられる場合、この手法はしばしば行列（マトリックス）推計法7と呼ばれる。
備考：将来人口推計は、また、教育的、経済的、社会的属性別人口に関しても行なわれる。遡及推計retrojectionsは過去への推計backward projectionsと呼んだ方が正確であろうが、過去における人口の変化を辿るために同じ手法を用いることである。"
,7,721,"過去および現在の各時点における総人口と人口構成別の人口推計1は、様々な手法によって行われるが、その中には将来人口推計（720-1）で用いられる手法も多く含まれる。人口学的推計2には、人口推計や出生力（601-1）、死亡（401-1）などのような属性の推計も含まれている。センサス間人口推計3は、2回またはそれ以上の人口センサスの中間時点に対して行うもので、これら期首・期末の人口センサスの数字を考慮に入れた推計である。積み上げ推計誤差4とは、最新のセンサスで調査された人口規模と、前回の人口センサスならびにセンサス間の出生数の死亡数に対する超過分、および純移動（805-2）に基づいて推計されたそのセンサス時点の人口規模との差である。この差が示しているのは、出生、死亡、純移動に関するデータ誤差の大きさの違い、ならびに前後2回の人口センサスにおける調査漏れの違いである。
備考：人口センサス後の人口推計postcensal estimatesは、直前のセンサスの結果を考慮してはいるが、次回のセンサスは考慮していない。"
,7,730,"人口モデル1は、人口の初期状態ならびに様々な人口変数（出生率、受胎能力、死亡率など）の影響を考慮して、個人、夫婦、家族、世帯などを単位とする人口集団およびその構造の変化を表す理論的構成体である。静学モデル2では、これらの人口変数は一定に保たれるが、動学モデル3では、これらの変数は時間の経過と共に変化する。さらに、決定論モデル4と確率モデル5との区別もなされている。前者は、研究対象の人口があたかも無限に大きいとみなし、特定された諸変数の間に関数的関係を想定している。後者は、研究対象となっている変動過程の継続期間中に個人に起きる様々な事象の発生確率を問題とする。モデルは数学的関係式で表されるか、あるいは一連の関係が前もって決められてある場合の諸変数の数値から算出されるシミュレーション6という形態をとる。マクロシミュレーション7には、たとえば、要因法（720-5）によって行なわれる将来人口推計が含まれる。マイクロシミュレーション8では、個人もしくは集団に対して様々な事象が、モデル内の変数について設定されたそれぞれの確率に従い、時間の経過と共に無作為的（ランダム）に起こるよう設定されてある。
備考：モデルという言葉は、モデル表model tablesといった表現においては、形容詞としても用いられる。"
,8,801,"空間移動1あるいは地理的移動1の研究は、地理的空間において個人によって行われる動き2の量的側面に関するものである。人口移動（移動）3の際立った特性は、常住地（310-6*）の変更を伴い、行政的境界を越える動きを意味する点である。移動者が出て行く行政単位は発生地4または出発地4であり、移動者が到達する行政単位は目的地5または到着地5である。移動の概念は、固定した居住地を持たない人びとの動き（move）には適用されない場合が多い。たとえば多くの国では遊牧民は移動者の数から除かれている。実際には、相対的に居住地の永続的な変更を意味する移動と一時的な動き6とを区別することは、出発地からの不在期間7または目的地での滞在期間8の判断基準がないと困難な場合がある。一般的に、常住地の変更を伴わない短期の動き（trip）はその経済的社会的重要性の故に研究に値するかもしれないが、地理的移動（mobility）には含まれない。通勤・通学9は居住地から勤め先、あるいは学校への毎日あるいは毎週の移動（journey）を伴なっている。季節的な動き10は年間の周期性を持っている。通過移動11は目的地に到達するまでにある領域を横切る動きで、通過する領域への移動とは関係ない。観光旅行12や余暇旅行12もまた地理的移動には含まれない。
備考：空間移動は社会移動（920-4）、職業移動（921-3）と区別される。 移動migration（名）；移動するmigrate（動）；移動者migrant（名）：移動する人、形容詞にも使われる；移動する、移動に関係するmigratory（形）。migrationという用語はフランス語と異なり、英語では過程を指して個々の動きを指すのには使わないし、複数で使われることもめったにない。幾人かの学者は、すべての住居移動（803-6）、転居も移動と考えている。しかし、大多数の学者は、移動の動きというものはある行政的境界を越えるものとみている。そして、選定された行政単位は移動の単位地域migration defining areaと呼ばれる。 関心の対象が国際人口移動の場合は、到着国country of arrivalと受け入れ国country of reception というのが適当である。 通勤するcommute（動）；通勤者commuter（名）：住所から働き場所まで規則的に移動する人。働くための移動journey to workという表現もこのような動き（movement）を記述するのに用いられる。 よく使われる季節的移動seasonal migrationという言葉よりも季節的動きseasonal movementの方が正確である。なぜなら、この動き（move）ほとんどの場合、常住地の変更を伴わないからである。"
,8,802,"ある期間における移動を観察する場合、ある決まった過去の時点の居住地1また前住地2と現住地3とを比較するのが便利である。ある期間の初めと終わりで自分の住む行政単位が異なる個人は移動者4とされる。移動者は以前の居住地に関しては出移民者5、転出者5、現住地に関しては入移民者6、転入者6と区別される（訳注）。センサスや調査が前住地2に関する質問を含んでいれば、移動の時期は各人によって異なるが、各人の最近時の移動7や最近時の住所変更7に関する情報を作成することができる。移動者とは、現住地と行政単位の異なる前住地に最低1回は居住した経験のある人のことである。このような個人は現住地へ流入した8人、または前住地から流出した9人とみなされる。生涯移動者11とは、出生地10が現住地の行政単位と異なる人である。
備考：厳密にいうとこの概念の下では、移動者は移動を定義する期間migration defining intervalの前に生まれ、その終わりまで生存していなければならない。この定義はしばしばその期間に生まれた子供に拡張される。その子供は期間の始めに母親の住所に割り当てられる。記録された移動者の数は、その期間に生じた動き（move）の件数に一致するとは限らない。というのは、その期間に数回移動したり、センサスや調査以前に前住地に戻る者がいるからである。 慣習や医療施設の所在地によって出生が別のところで起こったとしても、出生地は普通、出生時の母の常住地として定義される。（訳注）日本の住民基本台帳法では、市区町村間の移動を転入および転出、同一市区町村内の移動を転居と呼んでいる。"
,8,803,"ある主権国家（305-3）の人口においては、出発地（801-4）と到着地（801-5）が国内にある場合は国内人口移動1であり、国境を超えた場合には国際人口移動2である。国外移動3という用語が後者の意味で用いられることもある。国際人口移動は、焦点となる国が目的地か出発地かによって入移民4あるいは出移民5と呼ばれる。国内が地域に分けられる時、各地域内の移動は地域内移動6であり、住居移動6を構成する。一方、地域間の動きは、焦点となる地域が移動者の目的地であるか出発地であるかによって転入（流入）7あるいは転出（流出）8と呼ばれる。移動流9とは、共通の出発地と目的地を持つ移動者集団の流れである。二つの地域間の大きい方の流れを主流10といい、小さい方の流れを反流（逆流）11という。
備考：この節の移動の定義は移動者の定義にも拡大できる。国内移動と国際移動の区別は、国内の各地域が多少とも自治区的な性格を持つ場合には正確であるとは限らない。 国境を越える単なる通勤は国境交通border trafficと名付けられており、国際移動と誤解されてはならない。 入移民、入国immigration（名）；移民する、移民として入国するimmigrate（動）；入移民者、入移民のimmigrant（名）、（形）。 出移民、出国emigration（名）；移民として出国するemigrate（動）；出移民者、出移民のemigrant（名）、（形）。"
,8,804,"個人がある期間に数回移動する場合、その動きは移動順序1によって区別されることがある。居住期間2あるいは滞在期間2とは、ある居住地への到着から別の目的地への出発までの期間、あるいは最後の移動からの期間を指す。帰り移動（帰還移動）3（訳注）とは最初の地域か、以前の居住地のうちのいずれかへ戻る移動である。反復移動4あるいは繰り返し移動4とは、比較的短い期間に数回移動する動向をいう。都市農村間移動5は、移動者が一連の短い、中間的な移動によって次第により大きな規模の都市や地域に移って行き、最終的に大都市に達する傾向であるので、しばしば継起的移動6、段階移動6の形をとる。
備考：帰還移動をする個人は帰還移動者return migrantsと呼ばれる。（訳注）この移動は、日本ではUターン移動と呼ばれることがある。 反復移動が新しい地域への移動である時、ある学者は、初回の移動者primary migrantによる第一次移動primary migrationと対比させて、第二次移動secondary migration、第二次移動者secondary migrantsという。これらの用語は普通、806-4の意味で使われるので、混乱のもとになる。"
,8,805,"人口増加（701-1）全体に対して移動（801-3）が寄与する部分は純移動2、つまり流入数3と流出数4の差である。純移動はマイナスかプラスかの符号を持ち、流入が流出を超えるとき入移民超過5、流入超過5といい、その反対のときは[*NoteTerm!!出移民超過*]、流出超過6という。ある国の移動の総量7を測るために流入数と流出数の合計が使われる。同様な概念を国内の地域に適用したものを総移動量8という。二つの地域間の純移動流9は主流（803-10）と逆流（803-11）の差として定義され、総移動流10は主流と逆流の和である。
備考：これは移動の差balance of migration、または移動による増減migration balanceといわれることもある。 純移動者等という用語は避けるべきで、純移動者数net number of migrantsという用語の方が望ましい。"
,8,806,"自発的移動1、任意的移動1、あるいは自由移動1は、移動者の積極的かつ自由な選択による結果である。他人と申し合わせた行動でない場合は、その移動は個人移動2といわれる。家族の全員が一緒に動くときには家族移動3の用語が使われる場合がある。第二次的移動4あるいは随伴移動4は、子供が家族の長に従う場合のように他人の移動によって引き起こされるものである。労働者や労働力の構成員が雇用機会に応じて動くのは労働移動5といわれる。結婚の結果や労働力からの引退のときの移動はそれぞれ縁事移動6、退職移動7といわれる。
備考：ときどき専門用語の異なる使い方がなされるが、この項では主たる移動者primary migrant（804-4*参照）とは実際の移動の決定を行う人であり、第二次的移動者secondary migrantとは小さな子供のように他の人の意思決定に従って移動する人である。連鎖移動chain migrationあるいは縁故移動linked migrationとは、すでに住居を構えており情報や援助を与えてくれる親戚（114-3*）や友人のいる目的地への移動をいう。"
,8,807,個人や家族の集団が一緒に移動しようとする場合、団体移動1あるいは集団移動1となる。大量移動2には非常に多くの移動者が含まれる。集団脱出3という語は、何か緊急事態の発生や危機的状況によって引き起こされた突発的大量移動という意味に用いられる。
,8,808,"自発的移動（806-1）は強制移動1に対比される。後者は公権力によって個人が移動するように強制される場合を指す。引き揚げ2は出身国への強制的な帰国に使われる。強制的な移動のもう一つの例は、個々人や集団全部の居住地からの追放3である。避難（疎開）4という用語は一般に、地震、洪水、戦争のような、何らかの破局から身を守るために全住民が移動する場合に用いられる。難民5と通常、自分自身の意志で移動した人であるが、その移動は、自分の出身国に留まると迫害される恐れがあるという、強い圧力があったためである。移送者6とは元の場所から公権力によって移動させられた人である。この種の移動は大規模な人口移送7や人口の転送7あるいは人口交換8の結果起こることもある。
備考：引き揚げrepatriation（名）；引き揚げるrepatriate（動）。 追放expulsion（名）；追放するexpel（動）；追放者expellee（名）：追放された人。退去は、当局が居住を続けることが好ましくないと考えた個人をその国から追放することの意味で使われる。 退去deportation（名）；退去させるdeport（動）；退去させられた人deportee（名）。 避難evacuation（名）；避難されるevacuate（動）；避難者evacuee（名）：避難させられた人。"
,8,809,移民が目的地の条件に適応する過程は数種類に分けられる。すなわち、帰化（331-1）、つまり法的市民権の獲得、吸収1、つまり入移民国の経済的生産活動への参加、同化3、つまり一般市民と平等の立場での社会的構造への統合、文化的適応2、つまり到着地の人々の習慣や価値に従い、適応することである。
,8,810,"ある地域からの移民が、彼らの新しい国に同化しないで出発地（801-4）の慣習を保持する場合、彼らは入植者1と呼ばれる。受け入れ国にすでに先住民がいる場合、これは異なる人口の間で生存2という問題を引き起こす。これらは人口の融合3、つまり、目につく違いがなくなるか、あるいはある人口が他の人口に統合4されることによって解決されることがある。隔離（分離）5は、一つの地域において二つ以上の人口が慣習あるいは法律の力による障壁によって分けられて暮らしている場合である。
備考：植民colony（名）；植民化するcolonize（動）：植民地を作ること、また、新しい領域に住みつくことの意味でも使われる；植民地開拓者colonist（名）。 共存coexistence（名）；共存するcoexist（動）。 隔離segregation（名）；.隔離するsegregate（動）。極端な場合、その衝突は計画的な集団殺りくgenocideになる。それは他の人口を絶滅させるexterminate行為である。絶滅させるexterminate（動）；絶滅extermination（名）。"
,8,811,人口移動政策1とは人口政策（105-2）の一側面である。ほとんどの国は移民法2を通じて外国人の受け入れを制限している。これらの法はしばしばある特定の属性を持った人の選択的な移民3を規定している。いくつかの国は割当制度4を持っているが、その場合移民の数はその出身国籍5との関係で固定されている。国内人口移動（803-1）によって国内の人口再分布6に影響を与えようとする政策は、普通もっと間接的なものである。
,8,812,"人口移動統計1は人口移動の量、移動の方向、移動者の属性を明らかにするために作成される。この種のデータの正確さはその作成方法に依存している。というのは、移動統計のほとんどは正確な測定ではなく、近似や推定から成り立っているからである。移動の直接的な測定2は、それが発生した時に移動を記録する制度を必要とする。最も完全な移動統計はすべての居住地の変更を記録する人口台帳から作られる。これによって国内移動および国際移動を計量することができるが、前者の方が後者より満足すべき結果が得られるのが普通である。このような人口台帳が存在しない国では、目的を限定すれば、全人口を対象とはしていないいくつかの行政記録を（移動資料として）利用することができる。すなわち、有権者登録3、社会保障記録4あるいは納税者記録5から国内移動に関する情報を得ることができる。国際移動の場合、船や飛行機の乗客名簿7に基づいて統計を作成することができる。国境を越える人々を数える方法では非常に粗い資料しか作れない。多くの国境交通（803-2*）がある地域では、移民と、居住地を変更しない旅行者8および通過移動（801-11）者とを区別するために特別の手続きを要する。査証9や入国許可証9の数、あるいは居住許可証10や労働許可証11の数は、外国人の入移民を示すものとして利用することもできる。
備考：旅行者traveller（名）；旅行するtravel（動）；旅行travel（名）。 ある国では海外へ旅行したい住民は出国許可証exit permitsあるいは出国査証exit visasを取得しなければならない。この記録は移民に関する情報源として役立つ。"
,8,813,センサスや調査によって集められた情報から移動者統計1が得られる。設問の種類にもよるが、これから通常、転入者統計2、転出者統計2、出生地統計3が作成される。この方法は、入移民の場合出身国がどこであったのかを調べることができるが、出移民については調査できないという点で、国際移動の研究方法としては限界がある。
,8,814,"直接に移動を測ることができない場合にも、純移動は残差法1によって間接的に推計することができる。それによれば、2時点間の人口の変化が自然増加による増減と比較され、二つの数字の差は移動によるものとすることができる。人口動態統計法2は二つのセンサスから調べられた総人口の変化と、センサス間における自然増加（701-7）との間の差を計算するものである。生残率法3は普通、年齢別純移動を推定するために用いられるが、実際の死亡統計を必要としない。その場合、生残率は生命表か、連続するセンサスの比較から得られる。そして生残率をあるセンサスにおける部分人口に適用して、次のセンサス時における年齢別人口の期待数を得る。観察された人口と期待される人口とを比較することにより、部分人口について年齢別の移動による増減を推定することができる。年齢別、現住地別の出生地統計が連続する2回のセンサスで得られる場合に、移動流を間接的に推定することができる。
備考：総人口の変化と自然増加の間の差が移動量に等しいことを示す式は、均衡方程式balancing equationと呼ばれることがある。純移動を推定するためにこれを使うには、調査漏れ（230-3）と重複調査（230-5）が二つのセンサスにおいて等しいことを仮定しなければならない。 この方法の主な種類は生命表生残率法life table survival ratio methodおよびセンサス生残率法national census survival ratio methodと呼ばれる。前進的生残率法forward survival ratio methodでは、センサス間の期首における人口を用いて期末における期待人口を推定する。逆進的生残率法reverse survival ratio methodはこの逆が行われる。平均生残率法average survival ratio methodはこの二つの方法による結果を平均したものである。"
,8,815,"一般的な用語としての移動率1は、ある人口における移動の相対的な頻度を計るためのあらゆる率を指す。これらの率は特に指示がない限り、年間移動率2と解さなければならない。それ等は、ある期間における年平均人口に対する年平均移動数の比率として計算される。年間純移動率3と年間総移動率4は、純移動量や総移動量に関する適切な情報を用いて同様に計算される。移動効果指数5あるいは効果指数5は、流入量と流出量の合計値に対する純移動量の比率である。この指数の値の範囲は、到着と出発の数が等しい時に0となり、移動がまったく一方向的である時には1になる。
備考：移動率の計算には期首人口や期末人口、あるいは当該地域人口の人年等の他の分母も用いられる。 また、移動効率指数index of migration efficiencyあるいは効率指数efficiency indexともいう。"
,8,816,移動者割合1とは、ある期間における移動者の数が出発地の人口または目的地の人口に占める割合である。流出者割合2はその地域から出て行ったと報告された数を、期首に住み期末に生きている人口で割ることにより得られる。この指標は移動リスクを持つ人口の移動確率を測るもので、特に、移動を別個に計算する方法を用いる人口推計の準備のために使われる。しかし実際には、移動者割合を計算するのに他の人口が分母として使われることが多い。同様に、流入者割合3は、ある地域のある期間における流入者数を期末の人口で割ることにより求められる。しかしその分母は、期首の人口あるいは期首と期末の人口の平均でもよい。生涯流入者割合4は出生地の情報に基づき、その地域の外で生まれた人の数をその地域の調査人口で割ることによって求められる。生涯流出者割合5は、ある出生地以外に住んでいる人の数をその地域で生まれた人の総数、あるいは現在もなおその地域に住んでいる人の数で割ることによって求められる。移動格差指数6は、移動者の年齢（322-1）、職業（352-2）、教育程度（342-1）などの属性が明らかな場合、移動者をその目的地の彼等以外の人口と対比するものである。この指標は、問題にする属性を持つ人口の移動者割合の、全人口の移動者割合に対する比率を1から引いたものである。移動格差指数は、ある属性の人口が残りの人口と同じ移動行動を持っている場合には0になる。移動選択性7という用語は、流入者と彼らの出発地の人口との間を比較したものである。
,8,817,縦断的（コウホート）移動分析1は、ある期間における個人の連続的移動に関する情報を要する。この情報は普通、人口台帳（213-1）や遡及的調査（203-8）によってしか得られない。第一順位移動確率2等のようないくつかの精密な指標は、このような形の情報から得られる。これは、ｘ歳の移動未経験者3がｘ＋ｎ歳になるまでに初めて移動を経験する確率として定義される。これらの確率は移動未経験者表4を計算するために用いる。後者は、生命表（432-1）の考え方を利用して、二要因（移動と死亡）減少確率による移動未経験者生残スケジュール表5を作成することができる。同様に、移動順位別移動確率6や、ある順位の移動経験者のうち、ある期間内に次の移動をしなかった者の割合も計算することができる。全移動順位移動率7は、あるコウホート（116-2）のある年の平均人口規模に対する、その年の全順位移動数の比率である。ある時点までのコウホートのこれらの率の総和は、死亡がないと仮定した場合の平均移動回数8となる。もし一連の生残率を、年齢別全順位移動表9に適用すれば、ある年齢に達した個人が、仮定されている死亡率の下で、以後経験するであろう平均的な移動回数を推定することができる。
,8,818,"ある期間における2地域間の移動者数を明らかにするためによく用いられる指標は、移動性向指標1である。これは地域Ａから地域Ｂへの移動者数を、期末におけるＢの住民数と期首におけるＡの住民で期末まで生き残る者の数との積で割ったものである。この指標を、全国人口を二乗した値に対する移動総数の比率で割ると、移動選好指数2が求められる。その分子が純移動流に限定される場合、そこで得られる指標は地域間交流率指標3と呼ばれるものである。移動流の効率性4は純移動流の絶対値を総移動流（805-10）に対比することにより測られる。
備考：この指標は、任意に選ばれた期末に生存している2人の個人、すなわち期首に地域Ａに住んでいた人と期末に地域Ｂに住んでいる人が同一である確率と解釈できる。データの制約により、この指標を計算するためには他の種々の分母を必要とする。"
,8,819,"移動モデル1は二つの大きな種類に分けられる。第1のものは二つの地域間の移動流（803-9）を社会的、経済的、人口学的変数に結び付けるものである。これらの変数はしばしば出発地に対する反発2を特徴づける押し出し要因2と到着地への誘引3をもたらす牽引要因3、そして二つの地域の間に介在する障害要因4に分類されることが多い。これらのうち、最も簡単なモデルは重力モデル5である。2地域間の流れはこれらの地域の人口の大きさに比例し、その間の距離6の何乗かに反比例するとする。他のモデルでは、移動の流れは到着地の機会に比例し、到着地と出発地との間の介在機会（介在要因）7に反比例する。第2の種類のモデルは確率モデル（730-5）である。それは人口ではなく個人に関するもので、移動する確率を年齢やそれまでの移動歴等いくつかの個人的な属性に関連させるものである。
備考：別名パレート型モデルPareto-type models。 距離は様々な方法で測られる。たとえば直線距離、経路の距離、介在する地域の数等によってである。"
,9,901,人口理論（105-1）の一部は、人口動向の社会経済的要因と帰結とに関わっている。過去において人口の理論的取り扱いは、おおむね総人口と資源1、すなわち人口を扶養するために利用できる資力、あるいは財やサービスの創出を意味する生産2との関係に集中していた。最近は、人口成長（701-1）およびその要因と経済成長（903-1）の相互関係に重点が移っており、とりわけ消費3、貯蓄4および投資5に関係づけられている。
,9,902,"人口規模と資源の関係を考えていくと、過剰人口1および過少人口2の概念に行きつく。これらの言葉は、一定の発展水準3においてのみ定義される。それより大きい人口も小さい人口も利益をもたらさない場合に、それは適度人口4であるといわれ、時には単に適度4とも呼ばれる。生ずる利益は性格的に経済的ものであろうが、その場合それは経済的適度5である。経済的適度の議論は一般に経済的福祉の観点から行なわれるが、これは実証しにくいので、生活水準6あるいは生活標準6が代用されることもある。これは1人当たり実質国民所得7、すなわち一定期間に生産された財やサービスの総額（あるいは購買力の変動について調整されたその貨幣所得相当額）をその期間の総人口で除したものに近似している。
備考：過剰人口overpopulation（名）；人口過剰のoverpopulated（形）。 過少人口underpopulation（名）；人口過少のunderpopulated（形）。 人によっては、経済的適度と並んで、国力の適度power optimumとか社会的適度social optimumの概念を用いることもある。 経済学者によっては“生活標準”という語句を、現実に達成された生活水準と対比させて、（社会一般で）認められた目標あるいは認知された必需品の集合の意味に限定している。他の人々はこれらの用語を無差別に用いる。 1人当たり国民総生産gross national product per capitaのような他の尺度も用いられる。“1人当たり” per capitaは文法的には不正確であるが（訳注）、“頭割り” per headという語句の代わりに用いられる。（訳注）capitaは複数形なので、文法的には単数形によるper caputが正しい。"
,9,903,"経済学者は、経済成長1あるいは経済発展1と人口成長率および人口構造変動との動態的な諸関係を強調してきた。彼らは今日、静態的な適度規模概念よりも、人口の適度成長率2、すなわち生活水準の極大上昇率と調和する成長率という動態的概念に関心を抱いている。これらの諸関係は生活水準の低い国々では格別に重要であるが、これらの国々は開発（発展）途上国3と呼ばれるようになっている。
備考：さらに、低開発国underdeveloped countriesまたは低所得国low-income countriesともいわれる。それらは通常、先進国developed countries,more under developed countriesと対比される。"
,9,904,一地域の極大人口1は人口扶養力1と呼ばれることもあるが、それは一般に絶対的な意味で、一定の条件のもとで扶養することのできる最大の人数を意味すると理解されている。しかし、それは時に、仮定された生活標準のもとで扶養できる最大人口数を指すのに用いられる。反対に、極小人口2は一般に、集団の生存3と調和する一地域の最小人口数であると考えられる。
,9,905,人口圧迫1という言葉は、人口の大きさと利用可能な資源（901-1）に関連する諸概念と結びついている。この圧迫がある地域で強いとか弱いとかいえば、その地域の人口が利用しうる資源と調和する極大数に近いか、あるいはそれから遠く離れていることを示している。元租たるトーマス・マルサスにちなんでそう呼ばれているマルサス人口理論2によれば、生存資料3に対する人口圧迫は必然的であろう。利用しうる生存資料の量が何らかの変化をすれば、人口成長（701-1）が生じ、人口均衡4が再び達せられて、生活水準は生存水準5、すなわち生命を維持するのにちょうど足りるだけの水準となる。均衡は、時にはマルサス的妨げ6（飢饉、疫病および戦争）として知られる積極的妨げ6、あるいは予防的妨げ7である道徳的抑制8を通じて、余剰人口を除去することにより維持されるであろう。道徳的抑制は、結婚の延期9ならびに結婚前の性的な関係を慎むことを意味する。6，7.英語で[*NoteTerm!!積極的妨げ*]positive check、[*NoteTerm!!予防的妨げ*]preventive checkという時、それはマルサス学説に関してのみ用いられるが普通である。
,9,906,"マルサス主義1という言葉は元来、マルサスの諸理論に関わっているが、今日では人口成長率の抑制が望ましいという説を指すのによく用いられる。新マルサス主義2は、人口成長の抑制を望ましいと認めたうえで、そのような制限が出産抑制方法（627-3）の利用を通じて達成されるべきであると主張する。
備考：マルサス主義Malthusianism（名）；マルサス的Malthusian（形）：マルサス学説に従うこと。これらの言葉は時として、経済問題を解決するために家族計画プログラムを唱道しているものと誤用されている。"
,9,907,"出生率を死亡率が共に比較的高い状態から比較的低い状態へ移行する過程は多くの国々で観察されたが、それは人口転換1と呼ばれる。転換前の段階2から転換後の段階3へ移る過程で、典型的には死亡率の低下と出生率のそれとの間に時間的な遅れがある。その結果、人口の過渡的な増加4の段階が生ずる。経済学者は、この過渡期と結びついた生産性5の変化、すなわち労働者1人当たり、または人口1人当たり生産の変化について研究してきた。
備考：人口動態革命vital revolution と呼ばれることもある。さらには、出生力転換fertility transition と死亡力転換mortality transitionとが区別される。人口転換理論theory of the demographic transition は、人口動態率の歴史的変動を工業化と都市化の過程に伴う社会経済的変革と結びつける。"
,9,910,"優生学1は人口の質を改善しようとする学問であるが、その関心は主に遺伝2の役割、すなわち遺伝形質3、たとえば目の色の世代間の伝達に向けられる。獲得形質4はそのように伝達されることはない。致死形質5は一般に胎児の早死をもたらす。
備考：優生学eugenics（名）；優生学的eugenic（形）；優生学者eugenist（名）：優生学の専門家。 遺伝heredity（名）；遺伝的hereditary（形）。"
,9,911,"遺伝形質の伝達は遺伝子1を介して行なわれ、遺伝子は両親から子へと伝えられる。遺伝学2は、遺伝因子の伝達と作用に関わる科学である。遺伝子は、細胞の核に位置するＤＮＡ（ディオキシリボ核酸）が糸状になって構成する染色体3の上にある。染色体上の遺伝子の位置は遺伝子座4と呼ばれる。同一の遺伝子座を占める遺伝子は同一の形質に作用するが、その作用の仕方はこの遺伝子座にある遺伝子の様々な対立遺伝子5のそれぞれに対応したものである。受胎（602-1）の過程で二つの生殖細胞あるいは配偶子6が結合して形成する新しい細胞は、接合子（融合子）7と呼ばれる。
備考：一個体が持つすべての遺伝子は集合的に遺伝的物質genetic endowmentと呼ばれる。 遺伝学genetics（名）；遺伝的genetic（形）；遺伝学者geneticist（名）：遺伝学の専門家。"
,9,912,"一個体の同じ遺伝子座にある二つの遺伝子の組合わせは遺伝子型1と呼ばれる。ある任意の遺伝子座において対立遺伝子が同一であるならば、その遺伝子座は同型接合2であるといわれ、異なっている場合には異型接合3であるといわれる。表現型4とは、遺伝子型と環境によって決定された観察可能な形質のことである。ある異型接合個体（ＡＡ’）が同型接合個体（ＡＡ）と表現型上区別できない場合には、対立遺伝子Ａは対立遺伝子Ａ’に対して優生5であり、Ａ’は劣性6であるといわれる。遺伝子は突然変異7と呼ばれる突然で、一見無作為な変化を受ける。任意交配8、あるいは無作為交配8は個体群内の遺伝子の均一な分布を保証する。
備考：突然変異mutation（名）；突然変異体(突然変異株、突然変異系統)（の）mutant（名）（形）。"
,9,913,優生政策では、望ましい形質を持つ人の数を増やそうとする積極的優生学1と、望ましくない形質または遺伝的欠陥3を伝達しそうな人々の生殖を規制しようとする消極的優生学2とを区別することが多い。優性不妊手術4、すなわち子孫に望ましくない形質を伝達しそうな人々の不妊手術についての議論が注目を集めてきた。この方策に対する反対論の一つは道徳的根拠から、もう一つはそれらが劣性遺伝子（912-6）の頻度を減ずる上で比較的低い確率しか持たないことを理由に提起されている。提案された諸方策の中では、婚前検査5が特記されよう。これは結婚しようとしている二人にその子供のありうべき資質に関する情報を与えようとするもので、それにより非優生学的な結婚6をしそうな男女、すなわち欠陥児を産みそうな人々に警告が与えられる。
,9,914,生殖年齢にある個体が、同様に生殖年齢に達する子供を一定数もつ確率は恐らくその遺伝子型（912-1）に依存している。このような差別的生殖は淘汰1と呼ばれる。ある遺伝子型の淘汰値（選択価）2あるいは適応値2は、その遺伝子型を持って生殖年齢まで生存する個体の相対的な子供数である。ある個体群（population）の平均淘汰値3あるいは適応度3は、その構成員の遺伝子型に関する淘汰値の平均に等しい。個体群の遺伝的加重4は、異なる適応値をもつ種々の遺伝子型が存在することによって生ずる、平均適応値の相対的減少である。ある個体群の異なる世代に、特定の遺伝子が見出される頻度の無作為変動は、遺伝的浮動5と呼ばれる。ある個体群の遺伝子構造6は、その構成員のある遺伝子座（911-4）上の種々の対立遺伝子（911-5）の頻度分布を指している。ある個体群の遺伝子型構造7は、同一の遺伝子座の異なる遺伝子型の分布のことである。
,9,915,近親交配の個体、すなわち両親が共通の祖先を持っている個体において、二つの遺伝子が双方とも同じ祖先から伝えられ、同一の遺伝子座にあるならば、それらは系統に由来する同型遺伝子1であるといわれる。一つの個体群から無作為に選ばれた個体が系統に由来する同じ二つの遺伝子を持つ確率は、個体群の近交係数（近親交配係数）2である。個体群の血縁係数3は、その個体群から無作為に選ばれた二つの個体が同一の遺伝子座上で系統に由来する同型の遺伝子を持つ確率である。
,9,920,"人々は多くの研究において、職業、所得、教育あるいは同じような経済的地位指標に従って、多数の社会階層1または社会経済的集団1に分けられている。社会階級2という言葉は社会学的な含意を持ち、人口研究で一般に用いられている区分類型の意味とは似て非なるものである。社会を多数のそのような集団に分割することは社会成層3と呼ばれる。異なる社会階層間の移動は社会移動4と呼ばれ、社会的序列における上昇移動5と下降移動6との区別がなされる。子供（世代）の移動を親の社会階級に関連づけた場合、それは世代間社会移動7と呼ばれる。
備考：カーストcasteは閉鎖的な社会集団であり、そこでは社会的地位と社会的序列における位置が規定されている。 一個人の生涯にわたる社会移動は、世代内社会移動intra-generational social mobilityと呼ばれる。"
,9,921,労働移動1は、職業移動3と呼ばれる個人の職業の変更2だけでなく、職務移動4、あるいは雇い主の変更や産業間移動5、すなわち産業の変更をも含む一般的な用語である。
,9,922,"高齢者（324-8）と高齢化（326-3）の諸問題についての関心が老年学1と呼ばれる特定の研究分野を形成した。そこには、老人病科2と呼ばれる医学の特殊部門が含まれる。
備考：老年学gerontology（名）；老年学のgerontological（形）；老年学者gerontologist（名）：老年学の専門家。 老人病科geriatrics（名）；老人病（科）のgeriatric（形）；老人病科医geriatrician（名）：老人病科の専門家。"
,9,930,"人口政策（105-2）は、人口変動の趨勢に影響を与えるよう当局によってとられた一連の方策、あるいはそのような方策の基礎として提供された原理である。人口増加、人口成長率の加速、あるいは現実の、または切迫した人口減少あるいは人口減退2を防止するために企てられた人口増加主義的1政策と、人口成長の抑制もしくは人口増加率を減ずるための人口抑制3政策とが区別される。前者の中では、出生率（632-1）を高めようとする出生増進4政策がとりわけ重要である。出生増進政策とは対照的に、出生の頻度を減じようとする出生抑制5政策がある。人口政策はまた、人口の地域分布に影響を与えようとする人口再配分政策6を含んでいる。
備考：マルサス的Malthusian政策とも呼ばれる。906-1を見よ。"
,9,931,手当1や給付1、あるいは補助金2が、多くの国々で子供を持つ親に与えられている。一般に、手当は定期的に支払われる金額であり、一回限り支払われるのが補助金である。家族手当3あるいは児童手当3は、一定数の子供を持つ親に規則的に支払われる金額を指している。多くの財政制度では、租税の割戻し4が扶養している子供について行なわれる。いくつかの国々で支払われている他の金銭的給付としては、子供の出産時に支払われる出産手当5、妊婦に支払われる産前手当6、そして時には新婚夫婦が家庭を築く手助けのために与えられる結婚貸付金7が含まれる。
,9,932,"他の多くの公的施策、たとえば住宅計画や公衆衛生1部門の諸施策も人口現象に影響を与えるであろう。産前講座2のような妊婦のためのサービスや臨月の（603-4*）女性に対するサービスの提供は、後期胎児死亡率、乳児死亡率および妊産婦死亡率（410,411,413および424-5を参照）を引き下げるのに役立つであろう。主に母親の助けとなるようなサービスは母性サービス3と呼ばれ、育児の助けとなるようなものは乳児福祉サービス4とか児童福祉サービス4である。"
,9,933,開発途上国の出生力を引き下げようとする人口プログラム1には、家族計画教育2とか家族計画サービス3が含まれる。それらは単独で、あるいは保健プログラム4や社会福祉プログラム5、とりわけ死亡率を引き下げようとする母子保健プログラム6と共に実施されている。種々の奨励策7や抑制策8を用いて、子供数の制限への動機づけを与えようと試みた国ある。また、望ましくない出産に対する社会的圧力9や法的な制裁10も見受けられる。
