1,101,人口學,101-1
1,101,結構,101-2
1,101,人口科學,101-8
1,101,總體,101-3
1,101,人口,101-4
1,101,居民,101-5
1,101,部分人口,101-6
1,101,規模,101-7
1,101,總數,101-7
1,102,歷史人口學,102-1
1,102,古代人口學,102-2
1,102,敍述人口學,102-3
1,102,人口統計,102-4
1,102,理論人口學,102-5
1,102,純粹人口學,102-5
1,102,數理人口學,102-6
1,102,人口研究,102-7
1,102,人口現況,102-8
1,102,形式人口學,102-9
1,102,人口研究,102-10
1,103,人口分析,103-1
1,103,人口現象,103-2
1,103,競爭進程,103-3
1,103,同批人分析,103-4
1,103,一代人分析,103-4
1,103,橫斷面分析,103-5
1,103,時期分析,103-5
1,104,經濟人口學,104-1
1,104,社會人口學,104-2
1,104,人口素質,104-3
1,104,羣體遺傳學,104-4
1,104,人類生態學,104-5
1,104,人文地理學,104-7
1,104,生物計量學,104-6
1,104,流行病學,104-8
1,105,人口理論,105-1
1,105,人口政策,105-2
1,110,統計單位,110-1
1,110,個人,110-2
1,110,人頭,110-2
1,110,户,110-3
1,110,灶,110-3
1,110,個人户,110-4
1,110,集體户,110-5
1,110,單身户,110-6
1,110,寄膳宿人,110-7
1,110,寄宿人,110-8
1,111,該户的成員,111-1
1,111,户主,111-2
1,111,主要掙錢的人,111-3
1,111,親屬關係,111-4
1,111,複合户,111-5
1,111,核心,111-6
1,111,基本核心,111-7
1,111,從屬核心,111-8
1,111,基本家庭,111-9
1,111,從屬家庭,111-10
1,111,户的規模,111-11
1,112,家庭,112-1
1,112,雙親,112-2
1,112,父親,112-3
1,112,母親,112-4
1,112,子女,112-5
1,112,兒子,112-6
1,112,女兒,112-7
1,113,生物家庭,113-1
1,113,核心家庭,113-1
1,113,兄弟,113-2
1,113,姐妹,113-3
1,113,親兄弟姐妹,113-4
1,113,同胞兄弟姐妹,113-4
1,113,異父(異母)兄弟,113-5
1,113,異父(異母)姐妹,113-6
1,113,擴大家庭,113-7
1,113,縱向擴大家庭,113-8
1,113,橫向擴大家庭,113-9
1,113,主幹家庭,113-10
1,114,祖先,114-2
1,114,血統,114-1
1,114,血緣親屬,114-3
1,114,遺傳親屬,114-3
1,114,親屬,114-3
1,114,親屬羣,114-3
1,114,親屬的親疏程度,114-4
1,114,子女關係,114-5
1,114,父母身份,114-6
1,114,子女,114-7
1,114,姻親關係,114-8
1,115,家庭,115-1
1,115,統計家庭,115-1
1,115,普查家庭,115-1
1,115,家庭核心,115-2
1,115,傳統家庭,115-3
1,115,不完全家庭,115-4
1,115,單親家庭,115-4
1,115,殘留家庭,115-5
1,115,家庭户,115-6
1,116,一代人,116-1
1,116,同批人,116-2
1,116,一代人,116-3
1,116,第二代,116-9
1,116,青年代,116-6
1,116,中年代,116-7
1,116,壯年代,116-7
1,116,老年代,116-8
1,116,生育低谷期時代人,116-11
1,116,生育高峯期時代人,116-10
1,116,男性一代,116-4
1,116,父系一代,116-4
1,116,女性一代,116-5
1,116,母系一代,116-5
1,120,住宅,120-1
1,120,住宅單位,120-1
1,120,住所,120-1
1,120,房間,120-2
1,120,平面面積,120-3
1,120,擁擠程度,120-4
1,120,過度擁擠的住宅,120-5
1,120,未充分使用的住宅,120-6
1,120,未使用的住宅,120-7
1,121,所有者,121-1
1,121,租賃者,121-2
1,121,房東,121-1
1,121,第一租賃者,121-5
1,121,再租賃者,121-3
1,121,佔用者,121-4
1,130,人口統計,130-1
1,130,觀察,130-3
1,130,數字資料,130-2
1,130,收集,130-4
1,130,校訂,130-5
1,130,覆核,130-5
1,130,匯總,130-6
1,130,組,130-7
1,130,類,130-8
1,130,數據處理,130-9
1,130,統計分析,130-10
1,131,原始數據,131-1
1,131,基本數據,131-1
1,131,套,131-2
1,131,絕對數,131-3
1,131,統計表,131-4
1,131,變量,131-5
1,131,特徵,131-6
1,131,交叉分組表,131-7
1,131,列聯表,131-7
1,131,概要表,131-8
1,131,單項表,131-9
1,132,分析,132-1
1,132,綜合,132-2
1,132,計算,132-3
1,132,指數,132-4
1,132,結果,132-6
1,132,綜合指數,132-5
1,132,指數,132-7
1,132,基數,132-8
1,132,指標,132-9
1,133,比,133-6
1,133,特定比,133-1
1,133,比例,133-2
1,133,百分比,133-3
1,133,率,133-4
1,133,相對頻數,133-5
1,134,概率,134-1
1,134,發生這種事件的可能,134-3
1,134,機會,134-2
1,134,風險,134-2
1,134,不均勻的,134-5
1,134,均勻,134-4
1,134,分組別率,134-6
1,134,一般率,134-7
1,135,分年齡率,135-1
1,135,分年齡組率,135-2
1,135,分持續時間率,135-3
1,135,起點事件,135-4
1,135,事件起點,135-4
1,135,中心率,135-10
1,135,平均人口數,135-6
1,135,年中人口數,135-6
1,135,人年數,135-7
1,135,消減概率,135-5
1,135,概率,135-6
1,135,時期率,135-8
1,135,同批人率,135-9
1,135,一代人率,135-9
1,136,臨時性,136-1
1,136,最終,136-2
1,136,臨時性率,136-3
1,136,最終率,136-4
1,136,修訂率,136-5
1,136,校正率,136-6
1,136,標準化率,136-7
1,136,調整率,136-7
1,136,校正率,136-7
1,136,標準率,136-9
1,136,粗率,136-8
1,137,觀察時期,137-1
1,137,年率,137-2
1,137,平均年率,137-3
1,137,換算為年率,137-4
1,137,瞬間率,137-5
1,138,強度,138-1
1,138,速度,138-2
1,138,間隔,138-2
1,138,最終頻數,138-3
1,138,平均經歷事件次數,138-4
1,138,時期指標,138-5
1,138,隊列指標,138-6
1,138,假設同批人,138-7
1,138,綜合同批人,138-7
1,140,平均數,140-1
1,140,算術平均數,140-2
1,140,幾何平均數,140-3
1,140,加權係數,140-5
1,140,權數,140-5
1,140,加權平均數,140-4
1,140,中位數,140-6
1,140,組,140-7
1,140,眾數,140-8
1,141,離散度,141-1
1,141,差別,141-2
1,141,離散度的指標,141-3
1,141,全距,141-4
1,141,四分位數距,141-5
1,141,半四分位數距,141-6
1,141,四分位離差,141-6
1,141,均差,141-7
1,141,方差,141-8
1,141,標準差,141-9
1,142,分位數,142-1
1,142,順序統計數,142-1
1,142,四分位數,142-2
1,142,十分位數,142-3
1,142,百分位數,142-4
1,143,連續性的,143-1
1,143,非連續性的,143-2
1,143,離散,143-3
1,144,頻數分佈,144-1
1,144,分佈,144-1
1,144,絕對頻數,144-2
1,144,相對頻數,144-3
1,144,結構,144-4
1,144,組合,144-4
1,144,分佈,144-1
1,150,時間數列,150-1
1,150,趨勢,150-2
1,150,波動,150-3
1,150,變動,150-3
1,150,離差,150-3
1,150,循環波動,150-4
1,150,周期性波動,150-4
1,150,季節性波動,150-5
1,150,不規則波動,150-6
1,150,偶然性波動,150-7
1,150,隨機性波動,150-7
1,151,修勻,151-1
1,151,作圖上修勻,151-2
1,151,曲線擬合,151-3
1,151,最小二乘法,151-4
1,151,移動平均數法,151-5
1,151,差分法,151-6
1,151,內插,151-7
1,151,外推,151-8
1,152,整數,152-1
1,152,堆積,152-2
1,152,數字的偏好,152-2
1,152,年齡堆積,152-3
1,152,年齡偏好指數,152-4
1,152,年齡錯報,152-5
1,152,年齡申報偏差,152-5
1,153,統計表,153-1
1,153,日曆年表,153-2
1,153,時期表,153-2
1,153,隊列表,153-3
1,153,一代人表,153-3
1,153,多重消減表,153-4
1,153,雙消減表,153-4
1,153,預測表,153-5
1,153,遞減遞增法,153-6
1,153,多重狀態法,153-6
1,154,估計,154-1
1,154,估計,154-2
1,154,估計值,154-3
1,154,猜測,154-4
1,154,大小,154-5
1,155,圖解法,155-1
1,155,圖象,155-2
1,155,統計圖,155-2
1,155,地圖,155-3
1,155,線圖,155-4
1,155,半對數圖,155-5
1,155,對數圖,155-5
1,155,真正的對數圖,155-6
1,155,雙對數圖,155-6
1,155,頻數多邊形,155-7
1,155,直方圖,155-8
1,155,條形圖,155-9
1,155,卵形線,155-10
1,160,抽樣法,160-1
1,160,樣本,160-2
1,160,單位,160-3
1,160,抽樣單位,160-4
1,160,抽樣方案,160-5
1,160,抽樣計劃,160-5
1,161,隨機樣本,161-1
1,161,概率樣本,161-1
1,161,抽樣框架,161-3
1,161,簡單隨機抽樣,161-4
1,161,隨機,161-2
1,161,抽樣比例,161-5
1,161,抽樣比,161-5
1,161,系統樣本,161-6
1,161,有系統地抽取,161-7
1,161,整羣抽樣,161-8
1,161,一羣一羣,161-9
1,162,分層隨機抽樣,162-1
1,162,層,162-2
1,162,多級抽樣,162-3
1,162,第一級抽樣單位,162-4
1,162,第二級抽樣單位,162-6
1,162,分支樣本,162-5
1,162,地區抽樣,162-7
1,163,代表性的樣本,163-1
1,163,定額抽樣,163-2
1,163,定額,163-3
1,164,人口參數,164-1
1,164,統計估計,164-2
1,164,抽樣誤差,164-3
1,164,標準誤差,164-4
1,164,置信區間,164-5
1,164,顯著性水平,164-7
1,164,顯著差別,164-6
1,164,觀察誤差,164-8
1,164,回應誤差,164-8
1,164,調查員偏誤,164-9
2,201,人口現狀統計,201-1
2,201,人口變動統計,201-2
2,201,生命事件,201-3
2,201,不可重複事件,201-4
2,201,可重複事件,201-5
2,201,順序,201-6
2,201,人口過程,201-7
2,201,人口動態,201-7
2,201,人口狀況,201-8
2,201,人口增長,201-9
2,201,自然增長,201-10
2,201,人口移動,201-11
2,202,人口普查,202-1
2,202,全面普查,202-2
2,202,部分普查,202-3
2,202,完全覆蓋,202-4
2,202,微觀普查,202-5
2,202,抽樣調查,202-6
2,202,預查,202-7
2,202,試點調查,202-7
2,202,事後質量抽查,202-9
2,202,事後複查,202-8
2,203,點查,203-1
2,203,簡單計數,203-2
2,203,名單,203-3
2,203,調查,203-4
2,203,實地調查,203-5
2,203,個別訪問,203-6
2,203,郵寄調查,203-7
2,203,回顧調查,203-8
2,203,多輪性調查,203-9
2,203,再訪,203-10
2,203,直接詢問法,203-11
2,203,自查法,203-12
2,203,派員訪問法,203-11
2,203,户主法,203-12
2,203,郵寄普查,203-13
2,204,被調查人,204-1
2,204,申報人,204-1
2,204,調查員,204-2
2,204,實地工作人員,204-2
2,204,普查員,204-2
2,204,指導員,204-3
2,204,統計部門,204-4
2,205,強制性的,205-1
2,205,自願調查,205-2
2,205,無回應,205-3
2,205,跟蹤發出,205-4
2,205,無回應的被調查人,205-5
2,205,拒絕,205-6
2,205,外出者,205-7
2,205,沒聯繫上,205-7
2,205,替換,205-9
2,205,拒絕回答的比例,205-8
2,206,表格,206-1
2,206,一覽表,206-2
2,206, 普查一覽表,206-2
2,206,問卷表,206-3
2,206,填寫,206-4
2,206,記載,206-5
2,206,摘要,206-6
2,206,提取,206-7
2,206,有限答案式問題,206-8
2,206,開放式問題,206-9
2,207,個人表,207-1
2,207,户表,207-2
2,207,集體表,207-3
2,207,姓名表,207-3
2,207,普查員表,207-3
2,207,集體户表,207-4
2,210,普查工作,210-1
2,210,普查區,210-2
2,210,調查小區,210-3
2,210,街道區,210-4
2,210,普查大區,210-5
2,211,生命事件,211-1
2,211,民事狀況,211-2
2,211,生命記錄,211-3
2,211,登記記錄,211-3
2,211,生命登記,211-4
2,211,民事登記,211-4
2,211,出生登記,211-5
2,211,結婚登記,211-7
2,211,死亡登記,211-9
2,211,出生記錄,211-6
2,211,結婚記錄,211-8
2,211,死亡記錄,211-10
2,211,登記員,211-11
2,212,生命統計,212-1
2,212,統計記錄,212-2
2,212,長住地匯總,212-3
2,213,連續登記,213-2
2,213,人口登記,213-1
2,213,卡片,213-3
2,213,居住變動,213-5
2,213,維護,213-4
2,213,翻新,213-4
2,213,對照,213-6
2,213,核對,213-7
2,214,基督教區登記,214-1
2,214,洗禮,214-2
2,214,殯葬,214-3
2,214,嬰兒,214-5
2,214,非正式受洗的嬰兒,214-4
2,214,全體居民名單,214-6
2,214,受聖餐人名單,214-7
2,214,按手禮名單,214-8
2,214,灶捐單,214-9
2,214,税單,214-10
2,214,徵兵名單,214-11
2,215,表格,215-1
2,215,名單,215-2
2,215,洗禮證,215-2
2,215,結婚證,215-3
2,215,殯葬證,215-4
2,215,當事人,215-5
2,215,教父,215-6
2,215,教母,215-7
2,215,證人,215-8
2,215,匿名冊,215-9
2,215,實名冊,215-10
2,215,抄寫表,215-11
2,215,家譜,215-12
2,220,提取,220-1
2,220,處理,220-2
2,220,手工,220-3
2,220,機器,220-4
2,220,電子計算機,220-5
2,220,台式計算器,220-6
2,220,各種工作過程,220-7
2,220,校訂,220-8
2,220,制表,220-9
2,221,基本文件,221-2
2,221,編碼,221-1
2,221,編碼方案,221-3
2,221,分類,221-4
2,221,標題,221-5
2,221,清理,221-6
2,221,有效性核查,221-7
2,221,一致性核查,221-7
2,222,重組,222-1
2,222,形式,222-2
2,222,數據分析,222-3
2,223,列單,223-1
2,223,敍述統計,223-2
2,223,計算機製圖,223-3
2,223,計算機製圖學,223-3
2,224,電子設備,224-1
2,224,制表機,224-2
2,224,單位記錄機,224-2
2,225,計算機,225-2
2,225,電子數據處理,225-1
2,225,硬件,225-3
2,225,軟件,225-4
2,225,用户,225-5
2,225,計算機專家,225-6
2,225,程式設計師,225-7
2,225,系統分析員,225-9
2,225,程序,225-8
2,226,數個中央處理機,226-1
2,226,一個中央存貯器,226-2
2,226,磁帶,226-4
2,226,磁盤,226-5
2,226,大容量存貯裝置,226-3
2,226,輸入輸出設備,226-6
2,226,作業系統,226-7
2,226,設備,226-8
2,226,用户的程序,226-9
2,226,處理程序,226-10
2,227,程序設計語言,227-1
2,227,數據庫管理系統,227-2
2,227,數據庫,227-2
2,227,調查處理程序,227-3
2,227,統計程序包,227-4
2,227,成批處理,227-7
2,227,卡片閲讀機,227-5
2,227,行式打印機,227-6
2,227,分時模式,227-9
2,227,控制台,227-8
2,227,遠程終端設備,227-10
2,228,數據輸入,228-1
2,228,聯機,228-2
2,228,數據收集,228-3
2,228,數值處理,228-4
2,228,非數值處理,228-5
2,228,處理結果,228-6
2,228,輸出,228-6
2,228,繪圖機,228-7
2,230,準確程度,230-1
2,230,完整程度,230-2
2,230,遺漏,230-3
2,230,漏報,230-3
2,230,偏低,230-4
2,230,重報,230-5
2,230,估計偏高,230-6
2,230,誤報,230-7
2,230,分類錯誤,230-8
2,230,事後質量抽查,230-9
2,230,質量檢查,230-10
2,230,無回應,230-11
2,230,未報,230-11
2,230,不詳,230-11
2,230,未聲明,230-11
2,230,未指定,230-11
2,230,定義不清,230-11
2,230,錯誤指定,230-11
3,301,人口的地理分佈,301-1
3,301,人口的空間分佈,301-1
3,301,地區,301-2
3,301,領土,301-2
3,301,地理分佈,301-3
3,301,空間分佈,301-3
3,302,更小地區,302-1
3,302,行政地區,302-2
3,302,行政單位,302-2
3,302,行政區,302-2
3,302,法定分區,302-2
3,302,政治分區,302-2
3,302,區域,302-3
3,302,地帶,302-4
3,302,自然區,302-5
3,302,經濟區,302-6
3,302,自然地區,302-7
3,303,鎮,303-1
3,303,教區,303-1
3,303,州,303-2
3,303,省,303-2
3,303,縣,303-5
3,303,區,303-6
3,303,鎮,303-8
3,303,縣,303-9
3,303,省,303-10
3,303,區域,303-2
3,303,州,303-4
3,303,部門,303-3
3,303,區,303-7
3,303,圈,303-11
3,304,定居的,304-1
3,304,遊牧的,304-2
3,304,半遊牧的,304-3
3,304,土著保留地,304-4
3,304,保留地,304-4
3,305,國家,305-1
3,305,人民,305-2
3,305,民族,305-2
3,305,邦,305-3
3,305,聯邦,305-4
3,305,聯邦國家,305-4
3,305,州,305-5
3,305,領土,305-6
3,305,自治領土,305-7
3,305,非自治領土,305-8
3,306,集居點,306-1
3,306,聚居點,306-1
3,306,人口聚居點,306-1
3,306,莊,306-2
3,306,村,306-3
3,306,鎮,306-4
3,306,市,306-4
3,306,首都,306-5
3,306,縣城,306-6
3,306,縣中心,306-6
3,306,區,306-7
3,306,選區,306-7
3,307,城鎮集羣,307-1
3,307,中心城市,307-2
3,307,郊區,307-3
3,307,都會地區,307-4
3,307,特級城市,307-5
3,307,城鎮都會地帶,307-5
3,307,大都市區,307-6
3,310,常住人口,310-1
3,310,現住人口,310-2
3,310,永久居民,310-3
3,310,臨時外出者,310-4
3,310,外來者,310-5
3,310,臨時過境者,310-5
3,310,居住地,310-6
3,310,單位集體人口,310-7
3,310,流浪者,310-8
3,310,無固定住所的人,310-8
3,311,鄉村地區,311-1
3,311,城鎮地區,311-2
3,311,鄉村人口,311-3
3,311,城鎮人口,311-4
3,311,半城鎮人口,311-5
3,312,人口密度,312-1
3,312,密度指標,312-2
3,312,人口分散程度,312-3
3,312,定居,312-4
3,312,羣體定居,312-5
3,312,分散定居,312-6
3,312,人口中心,312-7
3,313,計算比較密度指標,313-1
3,313,每單位可耕地的人口密度,313-2
3,313,每單位可耕地的農業人口密度,313-3
3,313,耕地面積,313-4
3,313,可耕地面積,313-5
3,313,最大潛在密度,313-6
3,313,承載人口能力,313-6
3,313,適度密度,313-7
3,320,性別結構,320-1
3,320,性別分佈,320-1
3,320,性別,320-2
3,320,男性比重,320-3
3,320,男性比例,320-4
3,320,性別比,320-5
3,321,男性,321-1
3,321,女性,321-2
3,321,男人,321-1
3,321,女人,321-2
3,321,男童,321-3
3,321,女童,321-4
3,321,男孩,321-3
3,321,女孩,321-4
3,321,人類,321-5
3,322,年齡,322-1
3,322,整年,322-2
3,322,上個生日的年齡,322-3
3,322,該年中到達的年齡,322-4
3,322,虛歲或下個生日的年齡,322-5
3,322,申報的年齡,322-6
3,322,整數年齡,322-7
3,322,歷史大事記表,322-8
3,323,生命階段,323-1
3,323,兒童期,323-2
3,323,兒童,323-3
3,323,新生兒,323-4
3,323,哺乳期兒童,323-5
3,323,嬰兒,323-6
3,323,學齡前兒童,323-7
3,323,學齡兒童,323-8
3,324,少青年期,324-1
3,324,青年期,324-1
3,324,少青年,324-2
3,324,年輕人,324-3
3,324,成年人,324-4
3,324,成熟期,324-4
3,324,成年人,324-5
3,324,老年,324-6
3,324,退休年齡,324-7
3,324,老年人,324-8
3,325,單歲年齡,325-1
3,325,年齡組,325-2
3,325,五歲的年齡組,325-3
3,325,寬組距年齡組,325-4
3,325,年齡分佈,325-6
3,325,年齡結構,325-6
3,325,出生年,325-5
3,325,人口金字塔,325-7
3,326,平均年齡,326-1
3,326,年齡中位數、年齡中數,326-2
3,326,老化或老齡化,326-3
3,326,人口年輕化,326-4
3,326,年老人口,326-5
3,326,年輕人口,326-6
3,327,個人老化,327-1
3,327,逐漸衰老,327-1
3,327,壽命提高,327-2
3,327,生理年齡,327-3
3,327,智力年齡,327-4
3,327,出生日期,327-5
3,327,智商,327-6
3,330,臣民,330-1
3,330,公民,330-1
3,330,國民,330-1
3,330,僑民,330-2
3,330,外國人,330-2
3,330,無國籍者,330-3
3,330,國籍,330-4
3,330,多民族國家,330-6
3,330,政治上的國籍,330-4
3,330,種族上的民族,330-5
3,331,歸化,331-1
3,331,已歸化的公民,331-2
3,331,已歸化的人,331-2
3,331,歸化證,331-3
3,331,收回,331-4
3,331,失去國籍,331-5
3,331,雙重國籍,331-6
3,331,常住僑民,331-7
3,331,訪問僑民,331-8
3,332,當地人,332-1
3,332,原住民或土著,332-2
3,332,當地出生的,332-3
3,332,國外出生的,332-4
3,333,種族,333-1
3,333,民族,333-2
3,333,民族,333-3
3,333,少數民族,333-4
3,333,種族少數民族,333-4
3,333,民族少數民族,333-4
3,333,語言少數民族,333-4
3,333,宗教少數民族,333-4
3,334,膚色,334-1
3,334,白人,334-2
3,334,有色人,334-3
3,334,非白人,334-3
3,334,異族夫妻,334-4
3,334,混血兒,334-5
3,334,混合雙親子女,334-5
3,340,語言,340-1
3,340,方言,340-2
3,340,母語,340-3
3,340,日常語言,340-4
3,340,兩種語言,340-5
3,340,多種語言,340-5
3,340,語言統計,340-6
3,341,宗教統計,341-1
3,341,宗教,341-2
3,341,宗派,341-3
3,341,儀式,341-4
3,341,教派,341-5
3,341,不可知論者,341-6
3,341,自由思想者,341-6
3,341,無神論者,341-6
3,342,教育程度,342-1
3,342,能讀寫者,342-2
3,342,文盲,342-3
3,342,教育程度統計,342-4
3,342,年級數,342-5
3,342,學習年數,342-5
3,342,離校年齡,342-6
3,342,文憑,342-7
3,342,學位,342-7
3,342,證書,342-7
3,342,教學,342-8
3,343,教育制度,343-1
3,343,公立教育,343-2
3,343,私立教育,343-3
3,343,學前教育,343-4
3,343,教育水平,343-5
3,343,初等教育,343-6
3,343,中等教育,343-7
3,343,高等教育,343-9
3,343,教學階段,343-8
3,343,學制,343-8
3,343,級別,343-10
3,343,大學學位,343-11
3,343,技術教育,343-12
3,343,職業教育,343-12
3,344,教育機構,344-1
3,344,幼兒園,344-2
3,344,小學,344-3
3,344,中學,344-4
3,344,學院,344-5
3,344,大學,344-5
3,344,專業學校,344-6
3,344,學習中心,344-7
3,344,技術學校,344-8
3,344,技術學院,344-9
3,344,技術機構,344-10
3,344,教育機構,344-11
3,345,班,345-1
3,345,教室,345-4
3,345,教師,345-3
3,345,學生,345-2
3,345,年級,345-5
3,345,學年,345-5
3,345,學生,345-6
3,346,當前學校統計,346-1
3,346,註冊學生,346-2
3,346,出勤學生,346-3
3,346,出勤比,346-4
3,346,義務教育,346-5
3,346,確定學齡,346-6
3,346,學齡人口,346-7
3,347,離校,347-1
3,347,退學率,347-2
3,347,在校率,347-3
3,347,學習生命表,347-4
3,347,平均在校年數,347-5
3,347,轉變學制,347-6
3,347,留級率,347-7
3,350,勞動人口,350-1
3,350,經濟活動人口,350-1
3,350,非勞動人口,350-2
3,350,非經濟活動人口,350-2
3,350,有收益活動,350-3
3,350,經濟活動,350-3
3,350,家務勞動者,350-4
3,350,家庭主婦,350-4
3,350,受撫養者,350-5
3,350,經濟活動比,350-6
3,350,勞動力參加比,350-6
3,351,勞動者,351-1
3,351,就業,351-2
3,351,失業,351-3
3,351,尋找工作,351-4
3,351,正在尋找第一份工作的人,351-11
3,351,就業人口,351-5
3,351,就業不足,351-6
3,351,部分失業,351-6
3,351,邊際工作者,351-7
3,351,就業人口比,351-8
3,351,不活躍人員,351-9
3,351,隱性失業,351-10
3,351,勞動力儲備,351-10
3,352,職業分類,352-1
3,352,職業,352-2
3,352,職業組,352-3
3,352,職業類別,352-3
3,353,工作地位,353-1
3,353,僱主,353-2
3,353,僱員,353-3
3,353,自營工作者,353-4
3,353,獨立工作者,353-4
3,353,家庭工作者,353-5
3,353,家庭助手,353-5
3,353,社會地位類別,353-6
3,354,家庭工人,354-1
3,354,體力勞動者,354-2
3,354,非體力勞動者,354-3
3,354,文書人員和辦公人員,354-3
3,354,技藝,354-4
3,354,有技術工人,354-5
3,354,半技術工人,354-6
3,354,非技術工人,354-7
3,354,學徒,354-8
3,355,經理人員,355-1
3,355,執行人員,355-2
3,355,督導人員,355-3
3,355,工頭,355-3
3,355,簡單或低級職務,355-4
3,355,中級職務,355-5
3,355,高級職務,355-6
3,355,特高級職務,355-7
3,356,農人,356-1
3,356,農場經營者,356-1
3,356,農場主,356-2
3,356,租佃農,356-3
3,356,分種農,356-3
3,356,農業工人,356-4
3,357,行業,357-1
3,357,經濟活動部門,357-1
3,357,公司,357-2
3,357,企業,357-2
3,357,農業工作者,357-3
3,357,非農業工作者,357-4
3,357,政府僱員,357-5
3,357,軍事人員,357-6
3,357,武裝部隊人員,357-6
3,357,第一產業,357-7
3,357,第二產業,357-8
3,357,第三產業,357-9
3,357,經常把傳統部門,357-10
3,358,受撫養者,358-1
3,358,自我養活者,358-2
3,358,有工資收入的人,358-3
3,358,供養者,358-3
3,358,尚未獨立生活的子女,358-4
3,358,靠收租或利息收入生活者,358-5
3,358,獨立生活方法者,358-5
3,358,退休者或領退休金的人,358-6
3,358,領取公共補助的人,358-7
3,358,公共福利領取者,358-7
3,358,不能就業的人,358-8
3,358,經濟負擔比,358-9
3,359,為生的人口,359-1
3,359,農業為生的人口,359-2
3,359,農業人口,359-2
3,359,農場人口,359-2
3,359,非農場人口,359-3
3,359,非農業人口,359-3
3,360,殘疾人,360-1
3,360,殘廢,360-2
3,360,障礙,360-2
3,360,身體殘廢,360-3
3,360,身體障礙,360-3
3,360,精神殘廢,360-4
3,360,精神障礙,360-4
3,361,勞動壽命,361-1
3,361,勞動力加入,361-2
3,361,勞動力退出,361-3
3,361,退休,361-4
3,361,進入勞動力率,361-5
3,361,進入勞動力概率,361-6
3,361,退出勞動力率,361-7
3,361,退出勞動力概率,361-8
3,362,勞動生命表,362-1
3,362,加入勞動力時的年齡,362-2
3,362,退出勞動力時的年齡,362-3
3,362,加入勞動力的平均年齡,362-4
3,362,退出勞動力的平均年齡,362-5
3,362,勞動預期壽命,362-6
3,362,總勞動預期壽命,362-7
3,362,淨勞動預期壽命,362-8
3,362,平均勞動壽命年數,362-9
4,401,死亡,401-1
4,401,死亡率,401-2
4,401,死亡,401-3
4,401,粗死亡率,401-4
4,401,平均人口數,401-5
4,401,分性別年齡死亡率,401-6
4,401,分年齡死亡率,401-7
4,402,死亡差別,402-1
4,402,死亡差異,402-1
4,402,超額死亡率,402-2
4,402,超額死亡率指數,402-3
4,402,職業死亡,402-4
4,402,職業死亡,402-5
4,402,職業病,402-6
4,403,標準化死亡率,403-1
4,403,經過調整的死亡率,403-1
4,403,標準人口,403-2
4,403,直接標準化法,403-3
4,403,間接標準化法,403-4
4,403,比較死亡率指標,403-5
4,403,分年齡死亡率,403-6
4,403,實際死亡人數,403-7
4,403,預期死亡人數,403-8
4,410,嬰兒死亡率,410-1
4,410,新生兒期,410-3
4,410,新生兒死亡率,410-2
4,410,新生兒早期死亡率,410-4
4,410,新生兒晚期死亡率,410-6
4,410,新生期後死亡率,410-5
4,411,胎兒死亡,411-1
4,411,子宮內死亡,411-1
4,411,胎兒死亡,411-2
4,411,子宮內死亡,411-2
4,411,早期胎兒死亡,411-3
4,411,中期胎兒死亡,411-4
4,411,臨產胎兒死亡,411-5
4,411,臨產胎兒死亡,411-5
4,411,死產,411-5
4,411,圍產期死亡,411-6
4,411,胎嬰死亡率,411-7
4,412,未滿一周歲的死亡數,412-1
4,412,嬰兒死亡率,412-2
4,412,新生兒死亡率,412-3
4,412,新生兒早期死亡率,412-4
4,412,嬰兒死亡率,412-5
4,412,未滿一歲的死亡概率,412-5
4,412,分離因數,412-6
4,413,臨產胎兒死亡率,413-1
4,413,臨產死胎比,413-2
4,413,胎兒死亡率,413-3
4,413,胎兒死亡比,413-4
4,413,子宮內死亡率表,413-5
4,413,圍產期死亡率,413-6
4,413,胎嬰死亡率,413-7
4,414,年齡死亡率,414-1
4,414,兒童死亡率,414-2
4,414,青少年死亡率,414-3
4,414,成人死亡率,414-4
4,414,老年人死亡率,414-5
4,414,嬰兒期後的兒童死亡率,414-6
4,420,疾病,420-1
4,420,病況病情,420-2
4,420,疾病的發生,420-3
4,420,疾病的普及,420-4
4,420,病例,420-5
4,420,有病,420-7
4,420,患病統計,420-6
4,420,分類學,420-8
4,420,病情學,420-9
4,421,衞生統計,421-1
4,421,分死因死亡,421-2
4,421,死因,421-3
4,421,單一死因,421-4
4,421,多種死因,421-5
4,421,並發病因死亡,421-5
4,421,直接死因,421-6
4,421,基礎死因,421-7
4,421,主要死因,421-8
4,421,次要死因,421-9
4,421,輔助死因,421-9
4,421,從屬死因,421-9
4,421,分死因死亡率,421-10
4,421,分死因死亡比,421-11
4,421,死亡原因結構,421-12
4,422,傷害,422-1
4,422,中毒,422-2
4,422,意外事故,422-3
4,422,暴力行為,422-4
4,422,自殺,422-5
4,422,未遂自殺,422-5
4,422,他殺,422-6
4,422,戰爭造成的傷亡,422-7
4,423,地方病,423-1
4,423,流行病,423-2
4,423,流行病,423-3
4,423,傳染病,423-4
4,423,流行病,423-5
4,423,統計資料,423-6
4,423,應報告的疾病,423-7
4,423,慢性病,423-8
4,423,急性病,423-9
4,424,內源性死亡,424-1
4,424,先天畸形,424-2
4,424,外源性死亡,424-3
4,424,產褥期,424-4
4,424,產婦死亡率,424-5
4,424,產婦死亡率,424-6
4,424,衰老,424-7
4,425,疾病率,425-1
4,425,疾病比,425-1
4,425,發病率,425-2
4,425,普及率,425-3
4,425,平均病期,425-4
4,425,致殘率,425-5
4,425,平均患病天數,425-5
4,425,每次生病的致命率,425-6
4,426,損傷,426-1
4,426,殘疾,426-2
4,426,永久殘疾,426-3
4,426,殘廢,426-4
4,426,喪失專業能力,426-7
4,426,喪失工作能力,426-8
4,426,致殘可能性,426-5
4,426,殘疾概率,426-5
4,426,殘疾表,426-6
4,430,死亡證書,430-1
4,430,醫療死亡證,430-2
4,431,死亡概率,431-1
4,431,單年組死亡概率,431-2
4,431,五年組死亡概率,431-3
4,431,瞬間死亡率,431-4
4,431,死亡力,431-4
4,431,預測死亡概率,431-5
4,431,存活概率,431-6
4,431,存活比,431-7
4,432,生命表,432-1
4,432,生命表函數,432-2
4,432,存活函數,432-3
4,432,存活者,432-4
4,432,基數,432-5
4,432,消減,432-6
4,433,死亡函數,433-1
4,433,生命表死亡分佈,433-2
4,433,預期壽命數,433-3
4,433,預期壽命,433-4
4,433,平均生存歲數,433-4
4,433,生命表死亡率,433-5
4,433,靜止人口的死亡率,433-5
4,434,壽命中位數,434-1
4,434,最可能壽命長度,434-1
4,434,死亡年齡眾數,434-2
4,434,正常死亡年齡,434-2
4,434,人類壽命,434-3
4,434,生命長度,434-3
4,434,生命全距,434-4
4,435,完全生命表,435-1
4,435,簡易生命表,435-2
4,435,特定人員生命表,435-3
4,435,一般生命表,435-4
4,435,模型生命表,435-5
4,436,年曆生命表,436-1
4,436,時期生命表,436-1
4,436,一代人生命表,436-2
4,436,隊列生命表,436-2
4,436,死亡曲面,436-3
4,437,列克西斯圖,437-1
4,437,生命線,437-2
4,437,死亡點,437-3
4,437,世代消失法,437-4
5,501,婚姻,501-1
5,501,結婚,501-2
5,501,結合,501-3
5,501,婚禮,501-4
5,501,配偶,501-5
5,501,丈夫,501-6
5,501,妻子,501-7
5,501,已婚夫婦,501-8
5,502,婚姻法,502-1
5,502,婚姻習俗,502-2
5,502,一夫一妻制,502-3
5,502,多配偶制,502-4
5,502,一妻多夫制,502-5
5,502,一夫多妻制,502-6
5,503,民事婚禮,503-1
5,503,宗教婚禮,503-2
5,503,習俗婚禮,503-3
5,503,同居婚姻,503-3
5,503,自願結合,503-4
5,503,伴侶式婚姻,503-4
5,503,自由結合,503-5
5,503,暫時結合,503-6
5,503,同居,503-7
5,503,夫婦,503-8
5,503,姻緣結合,503-8
5,504,最低婚齡,504-1
5,504,血親婚姻,504-2
5,504,親等,504-3
5,505,結婚預告,505-1
5,505,結婚意圖,505-1
5,505,結婚許可證,505-2
5,505,結婚證書,505-3
5,505,新婚夫婦,505-4
5,505,圓婚,505-5
5,506,內婚制,506-1
5,506,隔離種羣,506-2
5,506,外婚制,506-3
5,506,混合婚,506-4
5,506,同類婚,506-5
5,506,異類婚,506-6
5,510,婚姻生活,510-1
5,510,結合終了,510-2
5,510,婚姻解體,510-3
5,510,鰥夫,510-4
5,510,寡婦,510-5
5,510,喪偶者,510-6
5,510,喪偶,510-7
5,511,離婚,511-1
5,511,離婚判決書,511-2
5,511,遺棄,511-3
5,511,離婚者,511-4
5,511,離婚的女人,511-6
5,511,離婚的男人,511-5
5,512,婚姻不能解除,512-1
5,512,分居,512-2
5,512,遺棄,512-4
5,512,事實上分居,512-3
5,512,合法分居,512-5
5,512,法院判決分居,512-5
5,512,分居者,512-6
5,512,破裂婚姻,512-7
5,513,婚姻無效,513-1
5,513,有效婚姻,513-2
5,513,婚姻解除,513-3
5,514,可婚者,514-1
5,514,可婚人口,514-2
5,514,非可婚人口,514-3
5,514,婚姻市場,514-4
5,514,可婚圈,514-5
5,514,配偶選擇,514-6
5,514,婚姻候補者,514-7
5,514,初婚,514-8
5,514,再婚,514-9
5,514,婚次,514-10
5,515,婚姻狀況,515-1
5,515,單身者,515-2
5,515,未婚男子,515-3
5,515,未婚女子,515-4
5,515,從未結婚者,515-2
5,515,已婚者,515-5
5,515,已婚男子,515-6
5,515,已婚女子,515-7
5,515,曾婚者,515-8
5,520,結婚率,520-1
5,520,粗結婚率,520-2
5,520,男性結婚率,520-3
5,520,女性結婚率,520-4
5,520,分性別結婚率,520-5
5,520,初婚率,520-6
5,520,再婚率,520-7
5,520,結婚年齡,520-8
5,520,分年齡結婚率,520-9
5,520,平均結婚年齡,520-10
5,520,夫妻的年齡差,520-11
5,520,結合的年齡,520-12
5,521,從未結婚者的比例,521-1
5,521,尚未結婚者的比例,521-2
5,521,初婚概率,521-3
5,521,未婚者比例,521-4
5,521,初婚平均年齡,521-5
5,521,初婚年齡中位數,521-6
5,521,初婚年齡眾數,521-7
5,521,單身法平均結婚年齡,521-8
5,522,結婚表,522-1
5,522,總結婚表,522-1
5,522,初婚數,522-2
5,522,未婚人數,522-3
5,522,淨結婚表,522-4
5,522,尚存未婚人數,522-5
5,522,尚存已婚人數,522-6
5,522,尚存未婚概率,522-7
5,522,預期未婚年數,522-8
5,523,離婚率,523-1
5,523,粗離婚率,523-2
5,523,已婚者離婚率,523-3
5,523,分年齡離婚率,523-4
5,523,已婚年數離婚率,523-5
5,523,每對新婚的離婚數,523-6
5,524,婚姻解體概率,524-1
5,524,已婚年數,524-2
5,524,再婚的相對頻數,524-3
5,524,喪偶和再婚之間的平均間隔,524-4
5,524,離婚和再婚之間的平均間隔,524-5
6,601,生育,601-2
6,601,生育,601-2
6,601,再生產,601-2
6,601,natality,601-1
6,601,出生,601-3
6,601,活產,601-4
6,601,活產或活嬰,601-5
6,601,有效生育率,601-6
6,601,總生育率,601-7
6,601,差別生育率,601-8
6,602,受孕,602-1
6,602,卵子,602-3
6,602,精子,602-4
6,602,受精,602-2
6,602,懷孕,602-5
6,602,受孕體,602-6
6,602,胚胎,602-7
6,602,胎兒,602-7
6,602,着牀,602-8
6,602,子宮,602-9
6,603,不能在子宮外生存,603-2
6,603,可以在子宮外生存,603-1
6,603,懷孕期,603-3
6,603,分娩,603-4
6,603,流產,603-5
6,603,產褥期,603-6
6,604,自發流產,604-1
6,604,小產,604-1
6,604,意願性流產,604-2
6,604,人工流產,604-2
6,604,醫療性流產,604-3
6,604,合法流產,604-4
6,604,非法流產,604-5
6,604,違法流產,604-5
6,604,刮宮流產,604-6
6,604,真空抽吸流產,604-7
6,604,擴宮排空流產,604-7
6,604,子宮切開術流產,604-8
6,604,藥物引產,604-9
6,605,足月分娩,605-1
6,605,早產,605-2
6,605,早期分娩,605-2
6,605,早產,605-2
6,605,早產嬰兒,605-4
6,605,足月生產,605-3
6,605,早熟,605-5
6,605,出生體重,605-6
6,605,發育不全,605-8
6,605,發育不全,605-7
6,605,虛弱,605-9
6,606,單胞胎,606-1
6,606,多胞胎,606-2
6,606,雙胞胎,606-3
6,606,同卵雙胞胎,606-4
6,606,異卵雙胞胎,606-5
6,610,合法性,610-1
6,610,合法出生子女,610-2
6,610,合法出生,610-3
6,610,非法出生,610-4
6,610,婚前受孕,610-5
6,610,非法出生子女,610-6
6,610,私生子女,610-6
6,610,合法化,610-8
6,610,合法化,610-9
6,610,承認,610-7
6,611,出生次序,611-1
6,611,母親過去全部生育數量,611-3
6,611,目前婚姻中所生的子女數,611-2
6,611,分娩次序,611-4
6,611,懷孕次序,611-5
6,611,未孕婦,611-6
6,611,初孕婦,611-7
6,611,再孕婦,611-8
6,611,生育次數,611-9
6,611,未產婦,611-10
6,611,初產婦,611-11
6,611,經產婦,611-12
6,612,生育時間,612-1
6,612,生育間隔,612-2
6,612,結婚到第一次生育的間隔,612-3
6,612,相鄰兩次生育之間的間隔,612-4
6,612,開放生育間隔,612-5
6,612,跨越間隔,612-6
6,612,結婚到第N次生育之間的間隔,612-7
6,613,有可能受孕,613-1
6,613,懷孕間隔,613-2
6,613,受孕推遲期,613-3
6,613,初孕間隔,613-3
6,613,懷孕間隔,613-4
6,613,淨懷孕間隔,613-5
6,613,開放懷孕間隔,613-6
6,620,育齡期,620-1
6,620,青春期,620-2
6,620,行經,620-3
6,620,月經,620-4
6,620,初潮,620-5
6,620,絕經,620-6
6,620,斷經,620-6
6,620,閉經,620-7
6,620,懷孕閉經,620-8
6,620,產後閉經,620-9
6,621,生育能力 ,621-1
6,621,無生育能力,621-2
6,621,不育,621-2
6,621,不能懷孕,621-3
6,621,不能生育,621-10
6,621,暫時不孕,621-4
6,621,暫時不育,621-5
6,621,永久不孕,621-6
6,621,永久不育,621-7
6,621,原發性不育,621-8
6,621,繼發性不育,621-9
6,622,排卵,622-3
6,622,月經周期,622-2
6,622,不孕期,622-1
6,622,哺乳,622-4
6,622,不應期,622-5
6,622,無卵周期,622-6
6,622,低生育能力,622-7
6,622,青春期不孕,622-8
6,622,青春期低生育力,622-8
6,623,生育,623-1
6,623,不育,623-2
6,623,完全性不育,623-3
6,623,永久性不育,623-4
6,623,自發性不育,623-5
6,624,生育行為,624-1
6,624,計劃生育者,624-2
6,624,非計劃生育者,624-3
6,624,家庭生育計劃,624-4
6,624,家庭限制,624-4
6,624,想要的孩子數,624-5
6,624,節制生育,624-6
6,624,生育調節,624-6
6,625,計劃生育,625-1
6,625,想要的孩子數,625-2
6,625,避孕失敗,625-3
6,625,避孕的有效程度,625-4
6,625,理論上的有效程度,625-5
6,625,生理上的有效程度,625-5
6,625,使用上的有效程度,625-6
6,625,避孕失敗率,625-7
6,626,家庭計劃項目,626-1
6,626,潛在使用者,626-2
6,626,目標人口,626-2
6,626,實地工作者,626-3
6,626,宣傳者,626-3
6,626,鼓動者,626-3
6,626,分發者,626-3
6,626,新接受者的比例,626-4
6,626,接受率,626-4
6,626,續用率,626-5
6,626,停用率,626-6
6,626,少出生,626-7
6,626,避孕藥具現用者的比例,626-8
6,627,避孕,627-1
6,627,性交,627-2
6,627,生育控制方法,627-3
6,627,避孕方法,627-3
6,627,禁慾,627-4
6,628,藥具法,628-1
6,628,非藥具法,628-2
6,628,性交中斷法,628-3
6,628,定期禁慾,628-4
6,628,節奏法,628-4
6,628,安全期,628-5
6,628,基礎體温法,628-6
6,629,避孕套,629-1
6,629,宮頸帽,629-2
6,629,子宮帽,629-2
6,629,隔膜,629-3
6,629,陰道塞,629-4
6,629,海綿塞,629-4
6,629,避孕膠凍,629-5
6,629,栓劑,629-6
6,629,泡沫藥片,629-7
6,629,殺精子劑,629-9
6,629,衝洗,629-8
6,629,避孕器,629-10
6,629,避孕環,629-10
6,629,避孕圈,629-10
6,629,T狀銅環,629-10
6,630,口服避孕藥,630-1
6,630,激素避孕,630-2
6,630,甾類避孕,630-3
6,630,避孕藥,630-4
6,631,絕育,631-1
6,631,輸精管手術,631-2
6,631,閉塞手術,631-3
6,631,輸卵管結紮,631-4
6,631,輸卵管切除,631-5
6,631,子宮摘除,631-6
6,632,出生率,632-1
6,632,粗出生率,632-2
6,632,總出生率,632-3
6,632,合法出生率,632-4
6,632,非法出生率,632-5
6,632,非法出生比,632-6
6,632,標準化出生率,632-7
6,632,兒童婦女比,632-8
6,633,生育率,633-1
6,633,婦女生育率,633-2
6,633,婦女年數,633-3
6,633,男子生育率,633-4
6,633,已婚生育率,633-5
6,633,合法生育率,633-5
6,633,非婚生育率,633-6
6,633,非法生育率,633-6
6,633,全面生育率,633-7
6,633,一般生育率,633-8
6,633,分年齡生育率,633-9
6,633,分年齡出生率,633-9
6,634,分孩次生育率,634-1
6,634,分胎次生育率,634-2
6,634,分胎次出生率,634-2
6,634,分胎次出生概率,634-3
6,635,已婚生育率,635-1
6,635,分已婚年數生育率,635-2
6,635,分年齡已婚生育率,635-3
6,636,隊列生育率,636-1
6,636,累積生育率,636-2
6,636,累積分年齡生育率,636-3
6,636,累積分已婚年數生育率,636-3
6,636,完全生育率 ,636-4
6,636,終身生育率,636-4
6,636,累積淨生育率,636-5
6,636,累積淨分年齡生育率,636-6
6,636,累積淨分已婚年數生育率,636-6
6,636,淨完全生育率 ,636-7
6,636,淨終身生育率,636-7
6,637,本次婚姻,637-1
6,637,婦女平均曾生育子女數,637-2
6,637,平均胎次,637-2
6,637,平均家庭規模,637-3
6,637,每起婚姻的平均出生數,637-4
6,637,完成生育的婚姻,637-5
6,637,最終胎次,637-6
6,637,終身胎次,637-6
6,637,胎次遞進比,637-7
6,637,家庭構成,637-8
6,637,家庭生命周期,637-8
6,637,婚前受孕頻率,637-9
6,637,生育最後一個子女時的年齡,637-10
6,638,生育史,638-1
6,638,家庭登記表,638-1
6,638,家庭重組,638-2
6,638,懷孕史,638-3
6,638,懷孕記錄,638-3
6,638,自然生育率,638-4
6,638,生育能力,638-5
6,638,自然生育能力,638-6
6,638,殘餘生育能力,638-7
6,638,有效生育能力,638-8
6,638,受孕率,638-9
6,638,佩爾指數,638-10
6,639,時期生育率,639-1
6,639,總和生育率,639-4
6,639,生育表,639-2
6,639,生育率綜合指標,639-3
6,639,總和合法生育率,639-5
6,639,分孩次總和生育率,639-6
6,639,出生結婚比,639-7
6,640,流產率,640-1
6,640,流產比,640-2
6,640,終身流產率,640-3
6,640,分年齡流產率,640-4
6,640,分年齡和分婚姻狀況的流產率,640-5
6,640,分年齡和分婚姻狀況的懷孕流產概率,640-6
7,701,人口增長,701-1
7,701,零人口增長,701-10
7,701,人口減少,701-2
7,701,負增長,701-3
7,701,封閉人口,701-4
7,701,開放人口,701-5
7,701,遷移差額,701-6
7,701,淨遷移,701-6
7,701,自然增長,701-7
7,701,出生人數超過死亡人數部分,701-8
7,701,出生人數和死亡人數的差額,701-9
7,701,出生人數和死亡人數之差,701-8
7,701,增長效應,701-11
7,701,結構效應,701-12
7,702,增長率,702-1
7,702,平均年增長率,702-2
7,702,指數增長,702-3
7,702,指數人口,702-4
7,702,指數增長率,702-5
7,702,瞬間增長率,702-5
7,702,粗自然增長率,702-6
7,702,生命指數,702-7
7,703,內在自然增長率,703-1
7,703,穩定人口,703-2
7,703,穩定年齡分佈,703-3
7,703,最初年齡分佈,703-4
7,703,增長潛力,703-5
7,703,人口動量,703-11
7,703,作靜止人口,703-6
7,703,準穩定人口,703-7
7,703,半穩定人口,703-8
7,703,羅吉斯蒂法則,703-10
7,703,羅吉斯蒂人口,703-9
7,710,人口更替,710-1
7,710,人口再生產,710-1
7,710,可再生資源,710-2
7,710,粗再生產,710-3
7,710,粗更替,710-3
7,710,淨再生產,710-4
7,710,淨更替,710-4
7,711,更替率,711-1
7,711,再生產率,711-1
7,711,女性再生產率,711-2
7,711,母系再生產率,711-2
7,711,淨再生產率,711-3
7,711,粗再生產率,711-4
7,711,男性再生產率,711-5
7,711,父系再生產率,711-5
7,711,聯合再生產率,711-6
7,711,同批人再生產率,711-7
7,711,一代人再生產率,711-7
7,711,更替指數,711-8
7,712,合法生部分,712-1
7,712,非法生部分,712-2
7,712,已婚再生產率,712-3
7,713,平均代際長度,713-1
7,713,平均世代間隔,713-1
7,713,母親的平均年齡,713-2
7,713,假設同批人,713-3
7,713,綜合同批人,713-3
7,720,人口預測,720-1
7,720,人口預報,720-2
7,720,預測時期,720-3
7,720,短期預報,720-4
7,720,要素法,720-5
7,720,同批人要素法,720-5
7,720,基準日期,720-6
7,720,矩陣預測法,720-7
7,721,人口估算,721-1
7,721,人口學的估算,721-2
7,721,年度人口估算,721-5
7,721,普查間的估算,721-3
7,721,吻合誤差,721-4
7,730,人口模型,730-1
7,730,靜態模型,730-2
7,730,動態模型,730-3
7,730,確定性模型,730-4
7,730,隨機模型,730-5
7,730,概率模型,730-5
7,730,模擬,730-6
7,730,宏觀模擬,730-7
7,730,微觀模擬,730-8
8,801,空間流動,801-1
8,801,地區流動,801-1
8,801,流動,801-2
8,801,遷移,801-3
8,801,來源地,801-1
8,801,遷出地,801-4
8,801,目的地,801-5
8,801,遷入地,801-5
8,801,離開原住地的時間長短,801-7
8,801,地停留時間,801-8
8,801,臨時流動,801-6
8,801,經常往返,801-9
8,801,季節性流動,801-10
8,801,過境,801-11
8,801,旅行,801-12
8,801,度假旅遊,801-12
8,802,過去某一固定日期的居住地,802-1
8,802,以前的最後一次居住地,802-2
8,802,現住地,802-3
8,802,遷移者,802-4
8,802,遷出者,802-5
8,802,遷入者,802-6
8,802,以前居住地 ,802-2
8,802,遷移,802-7
8,802,最後一次居住地變動,802-7
8,802,遷入,802-8
8,802,遷出,802-9
8,802,終身遷移者,802-11
8,802,出生地,802-10
8,802,因政治、宗教或道德原因的遷出者,802-12
8,802,因政治、宗教或道德原因的遷入者,802-13
8,803,國內遷移,803-1
8,803,國際遷移,803-2
8,803,對外遷移,803-3
8,803,遷入,803-4
8,803,遷出,803-5
8,803,區域流動,803-6
8,803,居住地移動,803-6
8,803,遷入,803-7
8,803,遷出,803-8
8,803,遷移流,803-9
8,803,主流,803-10
8,803,逆流,803-11
8,804,遷移順序,804-1
8,804,居住時間,804-2
8,804,停留時間,804-2
8,804,返回遷移,804-3
8,804,重複遷移,804-4
8,804,經常遷移,804-4
8,804,鄉城遷移,804-5
8,804,連續遷移,804-6
8,804,分階段遷移,804-6
8,804,逐步遷移,804-6
8,804,連續遷移,804-7
8,805,遷移帶來的人口增長,805-1
8,805,淨遷移,805-2
8,805,到來者,805-3
8,805,離去者,805-4
8,805,淨遷入,805-5
8,805,淨遷出,805-6
8,805,遷移總量,805-7
8,805,遷移流動量,805-8
8,805,遷移淨流量,805-9
8,805,總流量,805-10
8,806,自發遷移,806-1
8,806,自願遷移,806-1
8,806,自由遷移,806-1
8,806,個人遷移,806-2
8,806,全家遷移,806-3
8,806,次要遷移,806-4
8,806,隨遷,806-4
8,806,家庭團聚,806-9
8,806,勞動力遷移,806-5
8,806,婚姻遷移,806-6
8,806,退休遷移,806-7
8,806,連鎖性遷移,806-8
8,807,集體遷移,807-1
8,807,成羣遷移,807-1
8,807,大規模遷移,807-2
8,807,成批出走,807-3
8,808,強制遷移,808-1
8,808,遣返,808-2
8,808,驅逐,808-3
8,808,疏散,808-4
8,808,難民,808-5
8,808,遣離者,808-6
8,808,人口轉移,808-7
8,808,人口交換,808-8
8,809,融入,809-1
8,809,同化,809-3
8,809,文化適應,809-2
8,810,殖民,810-1
8,810,共處,810-2
8,810,融合,810-3
8,810,結合,810-4
8,810,隔離,810-5
8,811,遷移政策,811-1
8,811,移民法,811-2
8,811,有選擇的遷入,811-3
8,811,限額制度,811-4
8,811,國家來源,811-5
8,811,人口重新分佈,811-6
8,812,遷移統計資料,812-1
8,812,遷移的直接測量,812-2
8,812,選民登記記錄,812-3
8,812,社會保障記錄,812-4
8,812,納税人記錄,812-5
8,812,居住記錄,812-6
8,812,乘客名單,812-7
8,812,貨單,812-7
8,812,旅遊者,812-8
8,812,籤證,812-9
8,812,入境許可證,812-9
8,812,居住許可證,812-10
8,812,勞工許可證,812-11
8,813,遷移者統計,813-1
8,813,遷入者統計,813-2
8,813,遷出者統計,813-2
8,813,出生地統計,813-3
8,814,餘數法,814-1
8,814,生命統計法,814-2
8,814,尚存比法,814-3
8,814,出生地統計,814-4
8,815,遷移率,815-1
8,815,年遷移率,815-2
8,815,年淨遷移率,815-3
8,815,年總遷移率,815-4
8,815,遷移效率指數,815-5
8,815,效率指數,815-5
8,816,移者比例,816-1
8,816,遷出者比例,816-2
8,816,遷入者比例,816-3
8,816,終身遷入者比例,816-4
8,816,終身遷出者比例,816-5
8,816,遷移差別指數,816-6
8,816,遷移的選擇性,816-7
8,816,遷移的差異,816-8
8,817,縱向遷移分析,817-1
8,817,第一次遷移概率,817-2
8,817,非遷移者,817-3
8,817,非遷移表,817-4
8,817,非遷移尚存表,817-5
8,817,按移動次序分的遷移概率,817-6
8,817,所有次序的遷移率,817-7
8,817,平均移動次數,817-8
8,817,所有次序遷移表,817-9
8,818,遷移強度指數,818-1
8,818,遷移偏好指數,818-2
8,818,淨周轉率指數,818-3
8,818,遷移流效率,818-4
8,819,遷移模型,819-1
8,819,排斥,819-2
8,819,推力因素,819-2
8,819,吸引,819-3
8,819,拉力因素,819-3
8,819,幹擾障礙,819-4
8,819,引力模型,819-5
8,819,距離,819-6
8,819,幹擾機會,819-7
